video_id,comment_id,author,author_profile_image_url,author_channel_url,author_channel_id,comment,published_at,updated_at,like_count,viewer_rating,can_rate,is_reply,parent_id,channel_id
-hhTQHuowK0,UgxQsl7AVe9B0sIkl5V4AaABAg,@Cookieswirlc,https://yt3.ggpht.com/RiB3oxxIn6Pf6kqpr12mQzGonzLj6dBE0Tn-cNuqMkMYT7mm4FHI9CsnnnK47hBp2mAGmXM-dw=s48-c-k-c0x00ffffff-no-rj,http://www.youtube.com/@Cookieswirlc,UCelMeixAOTs2OQAAi9wU8-g,Sooo many good finds üíúüß°üíõüíöüíô‚ù§Ô∏èü©∑üç™,2025-06-19T18:26:32Z,2025-06-19T18:26:32Z,72,none,True,False,,UCelMeixAOTs2OQAAi9wU8-g
-hhTQHuowK0,UgxQsl7AVe9B0sIkl5V4AaABAg.AJZQGTLU8mTAJZQQd82uWM,@scardid3107,https://yt3.ggpht.com/wV1dyjsIdSVtBh19GrqI4LB9qi77qEDFT53zsLGyn54Jb1UAUvfDeIZr1S2toNAZrsz1Xyxt_Q=s48-c-k-c0x00ffffff-no-rj,http://www.youtube.com/@scardid3107,UCMrXcMyJjZKYY_-YyjT0kGg,Yes!,2025-06-19T18:27:55Z,2025-06-19T18:27:55Z,3,none,True,True,UgxQsl7AVe9B0sIkl5V4AaABAg,UCelMeixAOTs2OQAAi9wU8-g
-hhTQHuowK0,UgxQsl7AVe9B0sIkl5V4AaABAg.AJZQGTLU8mTAJZQwJp2B0q,@TimaMohamed-t1j,https://yt3.ggpht.com/ytc/AIdro_lAyCmPuPTcTtYpOA4QnUiNiel5MSi2UOypDgNoiTtaAGtGVrLt1wtS6foazk69LW0x-w=s48-c-k-c0x00ffffff-no-rj,http://www.youtube.com/@TimaMohamed-t1j,UCcpGW2y3S_vbCO3YxXAAjsg,Yasss,2025-06-19T18:32:23Z,2025-06-19T18:32:23Z,2,none,True,True,UgxQsl7AVe9B0sIkl5V4AaABAg,UCelMeixAOTs2OQAAi9wU8-g
-hhTQHuowK0,UgxQsl7AVe9B0sIkl5V4AaABAg.AJZQGTLU8mTAJZQxhuv8Sx,@TimaMohamed-t1j,https://yt3.ggpht.com/ytc/AIdro_lAyCmPuPTcTtYpOA4QnUiNiel5MSi2UOypDgNoiTtaAGtGVrLt1wtS6foazk69LW0x-w=s48-c-k-c0x00ffffff-no-rj,http://www.youtube.com/@TimaMohamed-t1j,UCcpGW2y3S_vbCO3YxXAAjsg,‚ù§ u cookie üòäüòäüòä,2025-06-19T18:32:34Z,2025-06-19T18:32:34Z,2,none,True,True,UgxQsl7AVe9B0sIkl5V4AaABAg,UCelMeixAOTs2OQAAi9wU8-g
-hhTQHuowK0,UgxQsl7AVe9B0sIkl5V4AaABAg.AJZQGTLU8mTAJZRPJTmyhy,@rainbowtoyfunrandomess1982,https://yt3.ggpht.com/r-sLr5F3MvdJDjlYrti7zC6jHN5bDA-7rWhpK9q3GyedJG-0afcyM3MA205RYVoxdUaoudWwEg0=s48-c-k-c0x00ffffff-no-rj,http://www.youtube.com/@rainbowtoyfunrandomess1982,UCrf27UQNysRbJmUfQDwy6jw,Totally!ü§©,2025-06-19T18:36:28Z,2025-06-19T18:36:28Z,0,none,True,True,UgxQsl7AVe9B0sIkl5V4AaABAg,UCelMeixAOTs2OQAAi9wU8-g
-hhTQHuowK0,UgxQsl7AVe9B0sIkl5V4AaABAg.AJZQGTLU8mTAJZS7RTAzUC,@kayleejohnson7923,https://yt3.ggpht.com/LcsC7D0InN3xsSI3aRUPZ-d0S7GSE-HA8upDRj-4ielnh0G_UCLbcRiYnFJpnhoDKUsf3Xz7QQ=s48-c-k-c0x00ffffff-no-rj,http://www.youtube.com/@kayleejohnson7923,UCYAPmuGi6t3S8F7h0K_wTow,‚ù§14 minutes ago and I love you so much I watched you so much when I was little and I still do your so fun to watch hope you see this‚ú®üíô,2025-06-19T18:42:46Z,2025-06-19T18:42:46Z,1,none,True,True,UgxQsl7AVe9B0sIkl5V4AaABAg,UCelMeixAOTs2OQAAi9wU8-g
-hhTQHuowK0,UgxnWMUx85u1pM0KVEZ4AaABAg,@ARandomRobloxian,https://yt3.ggpht.com/LVT82KmKixJuK53jT-IIF_IMk16sn3m4_d7R_mgmeqVLlt7bFF0BzXfb34NWeQpgVSCeyru0RFs=s48-c-k-c0x00ffffff-no-rj,http://www.youtube.com/@ARandomRobloxian,UCq9DFBJg4OSkq9uAeKmUwQg,HELL YEA SO NOSTALGIC,2025-06-22T11:42:09Z,2025-06-22T11:42:09Z,0,none,True,False,,UCelMeixAOTs2OQAAi9wU8-g
-hhTQHuowK0,UgyPcJwhE5MlWFR6fNd4AaABAg,@capybara1234-h4t,https://yt3.ggpht.com/MT2vq9-gQXMXtf8xIbxkh1hXNl2ooklnplJG7FM9UbHHDZWXPzF2x4LIm0usuhEPx1249oK1yg=s48-c-k-c0x00ffffff-no-rj,http://www.youtube.com/@capybara1234-h4t,UCAtFWEtgsO5ea3Xgxd9uudA,Cute‚ù§,2025-06-22T11:01:35Z,2025-06-22T11:01:35Z,0,none,True,False,,UCelMeixAOTs2OQAAi9wU8-g
-hhTQHuowK0,UgxXEkNKbvoiT0YrV8J4AaABAg,@m0biCh9w1x,https://yt3.ggpht.com/QRK575rbqgJ0LiB-B35Eq-BtF_FJ2RexDJc6-D06uLKwPJkOpuQw4KbikQ2GGI3QomFFvXtW=s48-c-k-c0x00ffffff-no-rj,http://www.youtube.com/@m0biCh9w1x,UCofU9XzS3P7izbkaqqcgSQQ,"I watched you when I was little! Just was scrolling now and I found this, the nostalgia brings back memories!",2025-06-21T20:03:48Z,2025-06-21T20:03:48Z,0,none,True,False,,UCelMeixAOTs2OQAAi9wU8-g
-hhTQHuowK0,UgzwWX9egLJwIad3t2V4AaABAg,@Spiderman-hz8jw,https://yt3.ggpht.com/ytc/AIdro_kN0vHjIDhTA7B0t2l-8jw4du0Fp3Q4NWDxREtZ0wG6prM4O5dykKEJAxt14lhBl9HMMQ=s48-c-k-c0x00ffffff-no-rj,http://www.youtube.com/@Spiderman-hz8jw,UCqlrCmq7hJHN0smUYgPXIkQ,You‚Äôre my fav,2025-06-21T19:12:16Z,2025-06-21T19:12:16Z,0,none,True,False,,UCelMeixAOTs2OQAAi9wU8-g
-hhTQHuowK0,UgycUqad1ZZoyx8Z8sl4AaABAg,@CrystalCeja-y6y2x,https://yt3.ggpht.com/ytc/AIdro_lI5aDxWDIVwQWn2Dun0faVxVMFYeD0rw9iq9KQ0ltN2dR9pCPWY0WuJ6rPOPQusko1-w=s48-c-k-c0x00ffffff-no-rj,http://www.youtube.com/@CrystalCeja-y6y2x,UCiRieOsmWhynuRR-u0gVD6A,I love this,2025-06-21T15:51:21Z,2025-06-21T15:51:21Z,0,none,True,False,,UCelMeixAOTs2OQAAi9wU8-g
-hhTQHuowK0,Ugwt8gC8gvcMXuoWDMF4AaABAg,@wiolettamagdalenahoulihan3583,https://yt3.ggpht.com/ytc/AIdro_kJZ_XJuxL8hdIZXqWLFC7y7i_N-SQ-CdMA_zvbPV3_iWI=s48-c-k-c0x00ffffff-no-rj,http://www.youtube.com/@wiolettamagdalenahoulihan3583,UCTtwSZPzsVITcSp7vN8Mz4w,"‚ù§Ô∏è







Dffdftyrbdgdydgdfddsddsssssssssssssssssssssssssssssssssssssssssssssssssssssssssssssssssssspsspsspspssppcstpxtrpdvrtvpydtvyftvytvffbgyygggybubunyhuiniuhnnm",2025-06-21T14:40:16Z,2025-06-21T14:40:16Z,0,none,True,False,,UCelMeixAOTs2OQAAi9wU8-g
-hhTQHuowK0,UgxgSuThEwF9PX10EBZ4AaABAg,@TV_girlll425,https://yt3.ggpht.com/Z_QUZjGEQV96k8K8H2J7gLSe5xgV0BEUfDMPBD2YbfBK2RMJVU4VmxOqVQSZo38Czwo1ze61bQ=s48-c-k-c0x00ffffff-no-rj,http://www.youtube.com/@TV_girlll425,UC0R_YSYNZdOaRKKKVi_mzFg,"Hi cookie, I watched you forever in 2022 things has changed I miss watching you‚Äôre videos you have been a amazing YouTuber i have been diagnosed with cancer but im still here and I am not giving up you are were my fav YouTuber‚ù§",2025-06-21T13:17:53Z,2025-06-21T13:18:34Z,0,none,True,False,,UCelMeixAOTs2OQAAi9wU8-g
-hhTQHuowK0,Ugzjw4q5D4iccYNuish4AaABAg,@PMDCXXVI,https://yt3.ggpht.com/BcvhLEKUPYLwOOP8EYl5Vq34YSt4VXKS2jgQq2muxbgxVMfz_1WJ5omoYbe2cUImC2M-XjsSWA=s48-c-k-c0x00ffffff-no-rj,http://www.youtube.com/@PMDCXXVI,UCNFnooIenQNrwUWpnE87Feg,*My little pony flashbacks*,2025-06-21T07:34:39Z,2025-06-21T07:34:39Z,0,none,True,False,,UCelMeixAOTs2OQAAi9wU8-g
-hhTQHuowK0,UgzhGRHZ3nsgD_tss5p4AaABAg,@Callme_melody85,https://yt3.ggpht.com/ytc/AIdro_nr9xE_2vBhbh6K--Fq-aive21XyEQnu2y02BiS_JoIPeuEzrRmJAz6CHewA8Z5_h4Pew=s48-c-k-c0x00ffffff-no-rj,http://www.youtube.com/@Callme_melody85,UCCphio7O0P9952XIkHvNKfw,When I saw the letters that said sht it made me think of smth,2025-06-21T06:04:22Z,2025-06-21T06:04:22Z,0,none,True,False,,UCelMeixAOTs2OQAAi9wU8-g
-hhTQHuowK0,UgzWkTu2_xEwfRT-bVx4AaABAg,@oma224,https://yt3.ggpht.com/xY22Of6hRXPeB9CyHSoKyEniP0x7eN9F5mstKZxZYwwOXMP9lhdVxE1TI3uLFCQlDJ5Ig2_KrMU=s48-c-k-c0x00ffffff-no-rj,http://www.youtube.com/@oma224,UCn5ajTpoZrosl_USQ300zKg,Hi cookie,2025-06-21T03:34:19Z,2025-06-21T03:34:19Z,0,none,True,False,,UCelMeixAOTs2OQAAi9wU8-g
-hhTQHuowK0,UgwPOElCVs8mUIyTOD54AaABAg,@jeffanstett9891,https://yt3.ggpht.com/ytc/AIdro_mphbr0ozWSqQLlata9HTaGLiau1-RuNkOzzBuYFQ7nRKg=s48-c-k-c0x00ffffff-no-rj,http://www.youtube.com/@jeffanstett9891,UCF0CRuKDJ17GsxX9iYblO2A,"Ay ay, So MyattüíïüëçüòòüòçüòÅüòÉüòçüòçüëåüòÄ‚ò∫Ô∏è",2025-06-21T03:29:01Z,2025-06-21T03:29:01Z,0,none,True,False,,UCelMeixAOTs2OQAAi9wU8-g
-hhTQHuowK0,Ugx7AbD5RL-K7jqIJKJ4AaABAg,@KitKitty-f3p,https://yt3.ggpht.com/dJH2iQq_T_0bYm3XahYpkc5_jyQEaiwRWQ8Z1_d8NUCd1lAz2ss0-uqvxCrBT4LoXukDpEnF-A=s48-c-k-c0x00ffffff-no-rj,http://www.youtube.com/@KitKitty-f3p,UCOhH0cVhDiHxLFsoJE_rMBA,"ü©∑ here's some cookies, Cookie üç™üç™üç™",2025-06-20T23:26:41Z,2025-06-20T23:27:04Z,0,none,True,False,,UCelMeixAOTs2OQAAi9wU8-g
-hhTQHuowK0,UgzYqZik5upHWxKrMsd4AaABAg,@MaxRivera-z3k,https://yt3.ggpht.com/HuLbsumkc4dXArdKrmsfLjlz1xRTqLxyAxoFUAi8qZ7-6mXY7Bv8lDehAkh2HERywfu4SIpEtw=s48-c-k-c0x00ffffff-no-rj,http://www.youtube.com/@MaxRivera-z3k,UCJlxiB0qsaBwpwZuOphfefg,Omggg cookie pls Friend me on Roblox,2025-06-20T20:43:30Z,2025-06-20T20:43:30Z,0,none,True,False,,UCelMeixAOTs2OQAAi9wU8-g
-hhTQHuowK0,Ugw4VL0og9K2Nou03Ot4AaABAg,@aliemrulahi9191,https://yt3.ggpht.com/bAslNwx1a8BNKVtkWJ0af0qJ7F7IPwXKY4o1MaoZif_fxfT01GgiC37rBOdCjD_WBax3sK5Zdpo=s48-c-k-c0x00ffffff-no-rj,http://www.youtube.com/@aliemrulahi9191,UC0Qj4dxyuH_LjO_gaRIFNDA,The unicorns and toys are amazinggg!!!! ‚ù§ü©µü©∑ü©∂üß°üíõüíöüíôüíúüç™üç™üç™üç™(hugs),2025-06-20T16:44:40Z,2025-06-20T16:44:40Z,1,none,True,False,,UCelMeixAOTs2OQAAi9wU8-g
-hhTQHuowK0,UgzkDOIg7neOloX9X_B4AaABAg,@StephanieYaryan,https://yt3.ggpht.com/ytc/AIdro_mGCcO77qRAILeeq23h9y6AoVb-S6jhNjs55xh4H1JqzRtYoueMFrSC8S9Y7lZhzF6Tww=s48-c-k-c0x00ffffff-no-rj,http://www.youtube.com/@StephanieYaryan,UCM_HGih1JnE4QHyAw_KhBgQ,I hope you know that you are a og,2025-06-20T16:02:02Z,2025-06-20T16:02:02Z,0,none,True,False,,UCelMeixAOTs2OQAAi9wU8-g
-hhTQHuowK0,UgwmKCahjT26RLvtYgF4AaABAg,@carolinembrown1964,https://yt3.ggpht.com/ytc/AIdro_lO9xeoVFQE8yEc8Ea-ORy0bwKhaNfnS1zciKdWjnE=s48-c-k-c0x00ffffff-no-rj,http://www.youtube.com/@carolinembrown1964,UCE-u8LEoDX4gwhZsoo9bT-A,Hello cookie I love  you and your,2025-06-20T06:14:53Z,2025-06-20T06:14:53Z,0,none,True,False,,UCelMeixAOTs2OQAAi9wU8-g
-hhTQHuowK0,Ugx-QlbDWdyNl8o498h4AaABAg,@Luna_spookykitty,https://yt3.ggpht.com/FUEvzFVfXDm6u8gvJRzzswFwSxEM-wIi3gUVgL1XAxt5f4JarW-elJXmqj9tXCMn9Tw6L6TmI0Q=s48-c-k-c0x00ffffff-no-rj,http://www.youtube.com/@Luna_spookykitty,UCN-kIxjWxu0y4uiPwJ9gQEA,WE LUV UUUU ‚ù§‚ù§‚ù§‚ù§‚ù§‚ù§,2025-06-20T05:14:42Z,2025-06-20T05:14:42Z,0,none,True,False,,UCelMeixAOTs2OQAAi9wU8-g
-hhTQHuowK0,UgygfbxOCqOvm_UAHPN4AaABAg,@BagleManzeforst,https://yt3.ggpht.com/232EjEW2DNCSwOXoPXx5GHN4pvcCsRiyjG5cVu7aVpxheko7Ayxg0QdEj-MAK1aieE11RYOj7tc=s48-c-k-c0x00ffffff-no-rj,http://www.youtube.com/@BagleManzeforst,UCvQmmIJLB0WcVGXIfj_xWmA,Oh nooo sht üò¢,2025-06-20T04:43:13Z,2025-06-20T04:43:13Z,0,none,True,False,,UCelMeixAOTs2OQAAi9wU8-g
-hhTQHuowK0,UgyAgkEUSa7H26gFuQF4AaABAg,@animaloverandtinsy,https://yt3.ggpht.com/du2HaZlq7nlcaRdLm-dZGFTTQcPsdJreCHfSeVRP51scitXGqduTt5lZedo1wGtn-ZJO4K_Ihw=s48-c-k-c0x00ffffff-no-rj,http://www.youtube.com/@animaloverandtinsy,UCB90AoSYk3YGOKj4SKZC1ow,These are all so cute ü•∫ü§©ü•∞ Cookie üç™,2025-06-20T04:29:57Z,2025-06-20T04:29:57Z,0,none,True,False,,UCelMeixAOTs2OQAAi9wU8-g
-hhTQHuowK0,UgyZZh4TPAH47bycRHp4AaABAg,@maryamyalina9587,https://yt3.ggpht.com/Cv7hMUcRDG5HAMUhV3QjelrQ_pWLVJIoJirkJMyeECpfBJpMQbtAjXTj6bLILqYd0ocL2E-YGQ=s48-c-k-c0x00ffffff-no-rj,http://www.youtube.com/@maryamyalina9587,UCEozYACXAPBqhucN2LbuokA,The first one reminds me of MLP,2025-06-20T03:40:49Z,2025-06-20T03:40:49Z,0,none,True,False,,UCelMeixAOTs2OQAAi9wU8-g
-hhTQHuowK0,Ugy9I2__kocozhtSl494AaABAg,@yurif4n,https://yt3.ggpht.com/tuYbjtzL9Y2d4CbaldcJs5bYFy52uuZLf_KuhVdOXjAlX-Af5sHiYmIVyseV61e_755-VW_TMw=s48-c-k-c0x00ffffff-no-rj,http://www.youtube.com/@yurif4n,UC8vSTV54IwJVbb1onsj2HQA,i love you cookie swirl c,2025-06-20T03:39:36Z,2025-06-20T03:39:36Z,0,none,True,False,,UCelMeixAOTs2OQAAi9wU8-g
-hhTQHuowK0,Ugy8O227Lm5Cv4spkLJ4AaABAg,@JediOlivas,https://yt3.ggpht.com/ytc/AIdro_nbnIwyYsF5KGzS2pWd-Bbv2zgtWKXIXYtKtnh9Q669BzQAGM9gxLELfbqgp3aEheu7BQ=s48-c-k-c0x00ffffff-no-rj,http://www.youtube.com/@JediOlivas,UCYCgq1f0J9D6UfFWUuVZe9w,Love u vids cookieswitlc,2025-06-20T01:58:13Z,2025-06-20T01:58:13Z,0,none,True,False,,UCelMeixAOTs2OQAAi9wU8-g
-hhTQHuowK0,UgxohZoTkqYSJ7N5yld4AaABAg,@pamicenhour7445,https://yt3.ggpht.com/xFe93mtIJyEpOaoxIo2r4fR1LrOzLdfrrzkyTY1MD1fS3hCqg1jtnNnNBEakZf3RNY2P4nrD=s48-c-k-c0x00ffffff-no-rj,http://www.youtube.com/@pamicenhour7445,UCxtN8yWakElXH7eUqVfJZkA,I have those gummy years and the pretzel. They are so cute and little üòä,2025-06-20T00:56:37Z,2025-06-20T00:56:37Z,0,none,True,False,,UCelMeixAOTs2OQAAi9wU8-g
-hhTQHuowK0,UgyEl1Py0TwLmGpAPj14AaABAg,@carlosdominguez1106,https://yt3.ggpht.com/ytc/AIdro_nr9xE_2vBhbh6K--Fq-aive21XyEQnu2y02BiS_JoIPeuEzrRmJAz6CHewA8Z5_h4Pew=s48-c-k-c0x00ffffff-no-rj,http://www.youtube.com/@carlosdominguez1106,UCRIpYdlslHy3Bs0LWMvIZJA,I am your biggest fan ‚ù§‚ù§‚ù§‚ù§‚ù§‚ù§‚ù§!,2025-06-19T23:49:55Z,2025-06-19T23:49:55Z,0,none,True,False,,UCelMeixAOTs2OQAAi9wU8-g
-hhTQHuowK0,Ugwi6-_8uqZjOxx5q954AaABAg,@BunnyEars_Sleepyy,https://yt3.ggpht.com/84yFpuBeVecX86AhtXgOonyPX4zNg5YEUXOtB-NgOum5ymh2R5zFr1CW_UNDg5oTPXRLZRTYmQ=s48-c-k-c0x00ffffff-no-rj,http://www.youtube.com/@BunnyEars_Sleepyy,UCQib-YwtoG6_PG_t2HKv3Hw,"Wah- I used to watch ur vids every day!! ‚ô•Ô∏è‚ô•Ô∏è got yt back and am watching it again..!! Love ur vids, Cookie üç™",2025-06-19T23:46:47Z,2025-06-19T23:46:47Z,0,none,True,False,,UCelMeixAOTs2OQAAi9wU8-g
-hhTQHuowK0,Ugywy-C3_MDvOrnSGph4AaABAg,@Yourlocalchaitea,https://yt3.ggpht.com/tXmh8_gi6hDeQvi2Bg8yeHEcTDZWpLkpNU5KdJqf8a80G2cde5Q5ZzIdZHE0tPaYdXPbXpPF=s48-c-k-c0x00ffffff-no-rj,http://www.youtube.com/@Yourlocalchaitea,UCYrtT9UcmT-SmN3qiTU4qsQ,24 SHT's üò≠ who's getting fired??,2025-06-19T23:25:24Z,2025-06-19T23:25:24Z,0,none,True,False,,UCelMeixAOTs2OQAAi9wU8-g
-hhTQHuowK0,UgxfhOCEHFGplSZPOHN4AaABAg,@rosanieves5298,https://yt3.ggpht.com/EmZfo3TSfW4xSdeGBHChGwwfo84k6m9mfmFQW7wPNoLcCDhRoG9bJ6J0cmnSykF8O_32CXPF=s48-c-k-c0x00ffffff-no-rj,http://www.youtube.com/@rosanieves5298,UCzCHvvqOj5PnriaeXpFE6mA,Hiiiiiii I sub you in 2015,2025-06-19T23:23:12Z,2025-06-19T23:23:12Z,0,none,True,False,,UCelMeixAOTs2OQAAi9wU8-g
-hhTQHuowK0,UgzndWlikvqcixUiIlN4AaABAg,@Fofinadoubletrouble,https://yt3.ggpht.com/hXE4BrI87B-KRcYIQ2gHsXPpa2-AxI-XwDJhWD28RrZ8cS-tNADRSXXQaf-FuHB574PQkK-X=s48-c-k-c0x00ffffff-no-rj,http://www.youtube.com/@Fofinadoubletrouble,UCvtH94kFJEgiL1BVcF_yxOw,Hey cookie I‚Äôve been watching since around 6 years ago and my favorite type of vids are hauls !! Ilysm cookie üç™ ‚ù§,2025-06-19T21:47:06Z,2025-06-19T21:47:06Z,1,none,True,False,,UCelMeixAOTs2OQAAi9wU8-g
-hhTQHuowK0,UgzqBSZ5aVXp0uFrxw14AaABAg,@aprilhiggs3956,https://yt3.ggpht.com/Xhn8q9vVqOkO7n1UAYBLbLhrwiNT2A0w0qAjjhn3MAkAL1DwlwezCbiuYbZdAhnv5XinGxS7-A=s48-c-k-c0x00ffffff-no-rj,http://www.youtube.com/@aprilhiggs3956,UCGrt8VZp7GKuQk2qW121myg,More? Yay!,2025-06-19T21:27:45Z,2025-06-19T21:27:45Z,3,none,True,False,,UCelMeixAOTs2OQAAi9wU8-g
-hhTQHuowK0,UgyaCuZMEketuyFTEtZ4AaABAg,@greciasimental,https://yt3.ggpht.com/G0ep2_TXCUUZK4DKonojeS4MCvnHq6czvADLuPoTXeafB2w5-tCz_CwRZhbiXe-Zoe2axDveOIs=s48-c-k-c0x00ffffff-no-rj,http://www.youtube.com/@greciasimental,UCMvHUiifNE-tNAvO4-QWu7Q,I just started watching it 3 seconds in and now I need to go to dollar treeüòÖ‚ù§,2025-06-19T21:20:08Z,2025-06-19T21:20:08Z,0,none,True,False,,UCelMeixAOTs2OQAAi9wU8-g
-hhTQHuowK0,Ugwrzv08ULqNnzwx5Hp4AaABAg,@kayzliestroud5799,https://yt3.ggpht.com/JKLfpQcx148EJGsaCAvn1o19x3PFDC8Yb-_Y_QqMspN7r5XYVDhtd1hEnpLoHH1VOuz_AeY5Hg=s48-c-k-c0x00ffffff-no-rj,http://www.youtube.com/@kayzliestroud5799,UCrpHzowSVG9jBqRseqCr8pQ,Omg back to unboxing??,2025-06-19T20:58:15Z,2025-06-19T20:58:15Z,0,none,True,False,,UCelMeixAOTs2OQAAi9wU8-g
-hhTQHuowK0,UgyhrdF3D0080pE-yb54AaABAg,@JustUrGirlJess,https://yt3.ggpht.com/Hpwvgpkr-r_G0757nYAPiO0co2W9tZSX6yPYErGKTgvokDdFQ2kjiGDn1UjbDcwla0VH09jr_Ow=s48-c-k-c0x00ffffff-no-rj,http://www.youtube.com/@JustUrGirlJess,UCxHoyGtMs5vETnb-8QzqvDw,"Omg cookie. This is the nostalgia coming back to me making me cryyyyy! Anyways, I love your vids cookie and I‚Äôve been here since 2015 ‚ù§‚ù§‚ù§",2025-06-19T20:45:15Z,2025-06-19T20:45:15Z,5,none,True,False,,UCelMeixAOTs2OQAAi9wU8-g
-hhTQHuowK0,UgzBUePbaE7_02u2c9p4AaABAg,@CassieNathalie-u2p,https://yt3.ggpht.com/vka7Ei68OwNJaQHNqQUDxl5Kgv7Wb3KsdOkVeXlPohKpprNEPMcOY6KtZDYB8DS_IGbMCxNMKK0=s48-c-k-c0x00ffffff-no-rj,http://www.youtube.com/@CassieNathalie-u2p,UCMTjOvjdqNOZse5TIbu-dJQ,Hi cookie,2025-06-19T20:39:42Z,2025-06-19T20:39:42Z,0,none,True,False,,UCelMeixAOTs2OQAAi9wU8-g
-hhTQHuowK0,UgxYAJ5eAlzVlb4knuZ4AaABAg,@samdaley4755,https://yt3.ggpht.com/2KaIldSb3ofjnQ74uGwkzK6wXSq0fV3DPVfR0iS8I8TYZlyWjf7MaVEQAyTYBxoeXURD64CJEw=s48-c-k-c0x00ffffff-no-rj,http://www.youtube.com/@samdaley4755,UCotbUlf1SlLZBVZERzed-pg,Who is hear in 2030,2025-06-19T19:54:09Z,2025-06-19T19:54:09Z,0,none,True,False,,UCelMeixAOTs2OQAAi9wU8-g
-hhTQHuowK0,UgzurjkVmCIeHgxNPWZ4AaABAg,@apanfile,https://yt3.ggpht.com/rKpodoYKRFWXLjUI5LFl4f41A9zDZY9w3QcPh58Oq3TjpBdgZh4mPEson0V4bZTiT1evHccIPQ=s48-c-k-c0x00ffffff-no-rj,http://www.youtube.com/@apanfile,UCGfXjki-9POF8VEVQ233ofQ,Nostalgia is crazyyy (edit) TYSM FOR THE LIKES,2025-06-19T19:40:35Z,2025-06-21T22:42:31Z,21,none,True,False,,UCelMeixAOTs2OQAAi9wU8-g
-hhTQHuowK0,UgyhExdIJhHzSTGoVX94AaABAg,@alfredonunezpadron,https://yt3.ggpht.com/GBtIpTFc3ZFCfbCA3s1-MsG1g9zBanHbRj6-_F5cKxeuBQOsOvz_-FFjtT3-4hGQ1lCWGnal=s48-c-k-c0x00ffffff-no-rj,http://www.youtube.com/@alfredonunezpadron,UC_9C5qPxAHhHz9GPY9EEN-A,When it said mAgIcL got me like:HEHeüëπü§£ü§£ü§£ü§£üë∫üë∫üë∫ü§°ü§°,2025-06-19T19:28:29Z,2025-06-19T19:28:29Z,0,none,True,False,,UCelMeixAOTs2OQAAi9wU8-g
-hhTQHuowK0,Ugyxw-u6XTqiu8z-0Qh4AaABAg,@Nicolemakesedits,https://yt3.ggpht.com/nJg8f_LXKxhUJ0R-c8-X2ocU5poTZ4OdK_ADeyWaOkqm75zxLoaIN6_8TXDqp4z73DVPBeCj_g=s48-c-k-c0x00ffffff-no-rj,http://www.youtube.com/@Nicolemakesedits,UCmdNJcmz7pWfsTBPMPZevWA,OMGGGG COOKIE I REMEMBER WATCHING U WHEN I WAS LITTLEüò≠STILL DO STILL DOüò≠,2025-06-19T19:20:03Z,2025-06-19T19:20:03Z,1,none,True,False,,UCelMeixAOTs2OQAAi9wU8-g
-hhTQHuowK0,Ugyxw-u6XTqiu8z-0Qh4AaABAg.AJZWORFOYn-AJa_xCyeiqn,@UnicornPixieT,https://yt3.ggpht.com/rGVBTba-l6HOzcXiZkI3m1Okk-s3qXpha2PQ8ZRQf2-dXqpqmYObDq_pCRVFJNIOB_e6iw0ElGo=s48-c-k-c0x00ffffff-no-rj,http://www.youtube.com/@UnicornPixieT,UC8km-3mCYC99iv_9m3qxu4Q,samee,2025-06-20T14:38:22Z,2025-06-20T14:38:22Z,1,none,True,True,Ugyxw-u6XTqiu8z-0Qh4AaABAg,UCelMeixAOTs2OQAAi9wU8-g
-hhTQHuowK0,UgzQBd54YB6jjs-uWCZ4AaABAg,@emmatucker8728,https://yt3.ggpht.com/ytc/AIdro_li-peUp2sBdz8rXgdYwXUF3F1GP3FnDCVohMzN3KI=s48-c-k-c0x00ffffff-no-rj,http://www.youtube.com/@emmatucker8728,UC2-tfAesDG2ti9V-0aCXpcw,How adorable and cute I love you Cookie!üíïü§©üòÉ,2025-06-19T19:18:50Z,2025-06-19T19:18:50Z,0,none,True,False,,UCelMeixAOTs2OQAAi9wU8-g
-hhTQHuowK0,UgyIIFkBbpu_U_o__b54AaABAg,@Lpscupcakecat,https://yt3.ggpht.com/OiJv5yNIJxb6vUzpYGwGtTRGwy7QArhC2beEM_oLoo-xDPeob_rE4usAjLRZJMzHx8eCln_7=s48-c-k-c0x00ffffff-no-rj,http://www.youtube.com/@Lpscupcakecat,UC2AGR0emyMzYb6llXhWelvA,"Aw, you got so many cute things at Dollar Tree!",2025-06-19T19:13:50Z,2025-06-19T19:13:50Z,0,none,True,False,,UCelMeixAOTs2OQAAi9wU8-g
-hhTQHuowK0,UgzzBksJk4UDlVUAxF54AaABAg,@L√¢mB√≠chLoanan,https://yt3.ggpht.com/IoNwZk9CSBOLGvzyvwoQYVBKs8XfiRzXWKWDd7heF_hc4nzIeny4TSBVEzyZL7rcwP40Drop=s48-c-k-c0x00ffffff-no-rj,http://www.youtube.com/@L%C3%A2mB%C3%ADchLoanan,UCN6a210B2o5In-p-rrtw4hA,"Let's just appreciate the amount of work he does for us in these videos and the hours he puts into entertaining us, and that's not easy
üí™üèøüí™üèøüí™üèø !",2025-06-19T19:09:26Z,2025-06-19T19:09:26Z,0,none,True,False,,UCelMeixAOTs2OQAAi9wU8-g
-hhTQHuowK0,Ugy1who1auHrlj5vTtF4AaABAg,@joshjohnson6912,https://yt3.ggpht.com/ytc/AIdro_k1nzf_mt20ARnUUjXk-FEQmZytNEqR8_6vWVWDz0o=s48-c-k-c0x00ffffff-no-rj,http://www.youtube.com/@joshjohnson6912,UClQ5WhOnTsbkNVxiJAQx_0g,i  love  lol,2025-06-19T19:06:31Z,2025-06-19T19:06:31Z,0,none,True,False,,UCelMeixAOTs2OQAAi9wU8-g
-hhTQHuowK0,UgyApLeDw2qr2vfD9FR4AaABAg,@joshjohnson6912,https://yt3.ggpht.com/ytc/AIdro_k1nzf_mt20ARnUUjXk-FEQmZytNEqR8_6vWVWDz0o=s48-c-k-c0x00ffffff-no-rj,http://www.youtube.com/@joshjohnson6912,UClQ5WhOnTsbkNVxiJAQx_0g,i  love  you  can  we  be  bff,2025-06-19T19:04:50Z,2025-06-19T19:04:50Z,1,none,True,False,,UCelMeixAOTs2OQAAi9wU8-g
-hhTQHuowK0,UgwBRFI8iTXUSDFd2Hl4AaABAg,@Twenty8Grahams,https://yt3.ggpht.com/D0IkVCR3DIMVPh7cIgvr2MK5o05uYmJA_gTb4okBOodgn9L61HuLBv8I8kaIVoOrD8HekeDrVQ=s48-c-k-c0x00ffffff-no-rj,http://www.youtube.com/@Twenty8Grahams,UCh06eNX2OJEbKkE8_f0GI5A,Good fines big fan ‚ù§,2025-06-19T18:59:28Z,2025-06-19T18:59:28Z,0,none,True,False,,UCelMeixAOTs2OQAAi9wU8-g
-hhTQHuowK0,UgyYP5tUEz2bx38SPMh4AaABAg,@HazelHerrera-wn7sj,https://yt3.ggpht.com/JfdYbqUY2hcKvgmrGVtHZJ9YZucLpg1YPNjMp8mwi0To7Lt516XTxZiy_g3A_OMl45ml9pJfbeg=s48-c-k-c0x00ffffff-no-rj,http://www.youtube.com/@HazelHerrera-wn7sj,UCLNoc0CKc7M3l9fxGYJ0TIQ,The unicorns are sooooooooooooo freaking adorable! üç™ü©µü¶Ñ,2025-06-19T18:52:34Z,2025-06-19T18:52:34Z,7,none,True,False,,UCelMeixAOTs2OQAAi9wU8-g
-hhTQHuowK0,UgzDArb_ThCyw5KEsGN4AaABAg,@Obk8159,https://yt3.ggpht.com/ytc/AIdro_mvVYUStQIEy-OibsfTRUcgsoyS1DTj49kG2PLGy-9M6V_8NRw5fJw_flGCtv6kGqZesQ=s48-c-k-c0x00ffffff-no-rj,http://www.youtube.com/@Obk8159,UCVJpOUlVPErDSziq3urAfQg,Love these haulsüíóüíóüíó,2025-06-19T18:51:25Z,2025-06-19T18:51:25Z,11,none,True,False,,UCelMeixAOTs2OQAAi9wU8-g
-hhTQHuowK0,UgzVwnFxAwZyBPK1Y_J4AaABAg,@mahamsiddiqui2414,https://yt3.ggpht.com/ER_w49NFKN1O3iDJGDwsznUAcxGWmJZTf7HksF_3Ef_a8kVxThXEc9fTe6kT1dHd1e0HrnJW4w=s48-c-k-c0x00ffffff-no-rj,http://www.youtube.com/@mahamsiddiqui2414,UCZfmK3T4MZ8QVPr1kMxlkBA,Hi cookie,2025-06-19T18:49:40Z,2025-06-19T18:49:40Z,0,none,True,False,,UCelMeixAOTs2OQAAi9wU8-g
-hhTQHuowK0,UgyMwtna1jN_Fg6MfDh4AaABAg,@babyunicornlps2437,https://yt3.ggpht.com/ytc/AIdro_keOnLwK-j0iPOaLRYe4XYVXRDrnJ6dS8KOnUg8FAzD_K8=s48-c-k-c0x00ffffff-no-rj,http://www.youtube.com/@babyunicornlps2437,UCccCtXKnPdGPsrObpPGPWMA,OMG I LOVE UR vids,2025-06-19T18:47:18Z,2025-06-19T18:47:18Z,2,none,True,False,,UCelMeixAOTs2OQAAi9wU8-g
-hhTQHuowK0,UgzXp94PyeccHH3op6d4AaABAg,@UnicornPixieT,https://yt3.ggpht.com/rGVBTba-l6HOzcXiZkI3m1Okk-s3qXpha2PQ8ZRQf2-dXqpqmYObDq_pCRVFJNIOB_e6iw0ElGo=s48-c-k-c0x00ffffff-no-rj,http://www.youtube.com/@UnicornPixieT,UC8km-3mCYC99iv_9m3qxu4Q,Hi cookie I've been watching your video's since 2020 And I love your videos so much!!,2025-06-19T18:46:02Z,2025-06-19T18:46:02Z,15,none,True,False,,UCelMeixAOTs2OQAAi9wU8-g
-hhTQHuowK0,Ugx-CG5I2v6xKeiUuch4AaABAg,@justchillinAmira,https://yt3.ggpht.com/FjJ33891l7lTjEdHpHkAmgf7zhPjjKI6Kx38a_0mx77ZBieNxoG0O6X8f2N4lCxoJ7kg1aYxju4=s48-c-k-c0x00ffffff-no-rj,http://www.youtube.com/@justchillinAmira,UCK5bZAQq-e-SwZMau1smo6A,I was just scrolling and found my childhood‚Ä¶,2025-06-19T18:38:36Z,2025-06-19T18:38:36Z,4,none,True,False,,UCelMeixAOTs2OQAAi9wU8-g
-hhTQHuowK0,Ugx-CG5I2v6xKeiUuch4AaABAg.AJZRdu4TukSAJZSePad9SJ,@Real_Ella-123,https://yt3.ggpht.com/_vBHi9EtZwg_xiQ4F7ICpLYNji8pWfGd4MYN9MBkXQoAJ3PCbWQmnPw-rjDE-CCpNZbCk5wI=s48-c-k-c0x00ffffff-no-rj,http://www.youtube.com/@Real_Ella-123,UCGvJDArLySTsjRGtENsA-Bw,SAME‚ù§,2025-06-19T18:47:25Z,2025-06-19T18:47:25Z,0,none,True,True,Ugx-CG5I2v6xKeiUuch4AaABAg,UCelMeixAOTs2OQAAi9wU8-g
-hhTQHuowK0,Ugx472xl8Uyz62dqto54AaABAg,@Cheyennethebutterfly,https://yt3.ggpht.com/COLN78vEZxmF0HoSIPIZqnze9mvwlAa8orZzLIIyMOyy1Z9rzYKDd4cevLDhYpCXHoSfZY9L=s48-c-k-c0x00ffffff-no-rj,http://www.youtube.com/@Cheyennethebutterfly,UCRHcwRLCW2buCxLTu_TdlOA,Hi cookie‚ù§‚ù§ I‚Äôve been watching you since 2015. I love your videos so much you make my day brighten up.‚ù§‚ù§‚ù§üòäüòä,2025-06-19T18:38:22Z,2025-06-19T18:38:22Z,0,none,True,False,,UCelMeixAOTs2OQAAi9wU8-g
-hhTQHuowK0,UgwBJfIkaSiYWureQ3R4AaABAg,@CiprianaGonzalez-s3y,https://yt3.ggpht.com/TNm9k8T0hwEfODZhBnR2W63xVpHp9tqFSXpFSWnJLA1t8B2g2-xBXjbhuOUIKQO5zTvkRwqPGg=s48-c-k-c0x00ffffff-no-rj,http://www.youtube.com/@CiprianaGonzalez-s3y,UCttHX4wSpTS9WE3RF8_gWQA,Hi cookie I‚Äôve been watching u for awhile and I love your vids I hope u see this,2025-06-19T18:38:16Z,2025-06-19T18:38:16Z,0,none,True,False,,UCelMeixAOTs2OQAAi9wU8-g
-hhTQHuowK0,UgxyicNwdLSoTWCHc2x4AaABAg,@VeronicaPlutowski-d2f,https://yt3.ggpht.com/GcSPTaul9MAY2Lc5wfoQCFhvgyN3h_N7_c11yK7daTBIokxaBFf2xTFHCQahkAvm0Ltsk7_6gg=s48-c-k-c0x00ffffff-no-rj,http://www.youtube.com/@VeronicaPlutowski-d2f,UCU4FuIT_yjTtdP0nzgBaRKg,Awe so cute!,2025-06-19T18:36:12Z,2025-06-19T18:36:12Z,1,none,True,False,,UCelMeixAOTs2OQAAi9wU8-g
-hhTQHuowK0,Ugz8QB9_7NnEf9MC9nZ4AaABAg,@rainbowtoyfunrandomess1982,https://yt3.ggpht.com/r-sLr5F3MvdJDjlYrti7zC6jHN5bDA-7rWhpK9q3GyedJG-0afcyM3MA205RYVoxdUaoudWwEg0=s48-c-k-c0x00ffffff-no-rj,http://www.youtube.com/@rainbowtoyfunrandomess1982,UCrf27UQNysRbJmUfQDwy6jw,These Unicorns and Barbie Pets look adorable and colorful!üòçüíï,2025-06-19T18:36:02Z,2025-06-19T18:36:02Z,4,none,True,False,,UCelMeixAOTs2OQAAi9wU8-g
-hhTQHuowK0,UgwV2ujLf03Z0CI4zTx4AaABAg,@shanadoyle3439,https://yt3.ggpht.com/ytc/AIdro_k8sb_EHfD0oFU54QtcNBDBcWFQfy59SJmonCuHKx4=s48-c-k-c0x00ffffff-no-rj,http://www.youtube.com/@shanadoyle3439,UCNTiT2jaBaDH9F3zIGZlTUw,Hi omg I‚Äôm a big fan üòä,2025-06-19T18:35:48Z,2025-06-19T18:35:48Z,0,none,True,False,,UCelMeixAOTs2OQAAi9wU8-g
-hhTQHuowK0,Ugy3DBQYDR5ARqpa5od4AaABAg,@Maulvader85,https://yt3.ggpht.com/ytc/AIdro_laT08kqFtTPaCXYaX4GxL4QZIznrIX6UC5DK-pmo2siEI=s48-c-k-c0x00ffffff-no-rj,http://www.youtube.com/@Maulvader85,UCCjXuXAgTHMXjnFxVwNjACQ,Hiiiiii,2025-06-19T18:35:09Z,2025-06-19T18:35:09Z,0,none,True,False,,UCelMeixAOTs2OQAAi9wU8-g
-hhTQHuowK0,Ugxl2KKcEL4bPqhXWud4AaABAg,@AlliesEditz,https://yt3.ggpht.com/BTVX16Z9Y43Q1OZP662YIxM_VuCN1xA4p8VnBYnsoLBpvHtPfVLEuUvQsZvXPRm7SpsfVTSa=s48-c-k-c0x00ffffff-no-rj,http://www.youtube.com/@AlliesEditz,UCO7TID5X7llkE85RDHeTV2Q,Awwwww the pugggg!!!,2025-06-19T18:30:17Z,2025-06-19T18:30:17Z,0,none,True,False,,UCelMeixAOTs2OQAAi9wU8-g
-hhTQHuowK0,Ugxt5nXfZPalnQh51ot4AaABAg,@Country4Life-b3f,https://yt3.ggpht.com/XM_e6Eo7nPEZ017QL62alYk3MiG9Ane5JJT5YQxvOsUcZXZCU9MbiGbF0nQEtY3F0sRP1V3T=s48-c-k-c0x00ffffff-no-rj,http://www.youtube.com/@Country4Life-b3f,UCLzIzq0mvpCwAG095lp7pxA,OMG HII COOKIE!!! I used to such a big fan!!,2025-06-19T18:29:19Z,2025-06-19T18:29:19Z,1,none,True,False,,UCelMeixAOTs2OQAAi9wU8-g
-hhTQHuowK0,Ugy5kg5x3nPpDLBO-Mp4AaABAg,@Noodelsdoodles,https://yt3.ggpht.com/kdBJXMz4Egw7g6xkZ0dMf_xTDhzHMJCpEs6WYdx09AW2T9qUkdPtZUNedL0x5bF5-JevckmVqCk=s48-c-k-c0x00ffffff-no-rj,http://www.youtube.com/@Noodelsdoodles,UCbhNBgU_9UxFEB0d-1YhaUA,Haiii :),2025-06-19T18:28:41Z,2025-06-19T18:28:41Z,0,none,True,False,,UCelMeixAOTs2OQAAi9wU8-g
-hhTQHuowK0,Ugzw7aMi5ZvltJMCHkR4AaABAg,@chezez4314,https://yt3.ggpht.com/oftRBWneLNslDqVNDWlpFtrDzsF87u27OJpyrfNx3j0fUnuaJXZxY7PliyRLzXX6SqZmOzUyYA=s48-c-k-c0x00ffffff-no-rj,http://www.youtube.com/@chezez4314,UCTWa-UuSSl2iSBZ_I3GM1Sg,making my future kids watching her trust,2025-06-19T18:28:26Z,2025-06-19T18:28:26Z,2,none,True,False,,UCelMeixAOTs2OQAAi9wU8-g
-hhTQHuowK0,UgwVnmiCfirkjgTQhL14AaABAg,@AvaHubbucks-u5v,https://yt3.ggpht.com/q1E5nFeazVjbLgyWVpvZw9r-9fRuZ1-mU_ygiEf5uOl2Osg5vC6Y6PyZA1RBsZLWxh0RduMA=s48-c-k-c0x00ffffff-no-rj,http://www.youtube.com/@AvaHubbucks-u5v,UCf_yjKyUcw5VDMEufopTyWg,there so cute ‚ù§,2025-06-19T18:27:54Z,2025-06-19T18:27:54Z,0,none,True,False,,UCelMeixAOTs2OQAAi9wU8-g
-hhTQHuowK0,UgzvJgAlnUZlWoqxKvt4AaABAg,@Yeppie_wee.39,https://yt3.ggpht.com/ng3iG6Z4utj5KrSoD7ipiB-Wap1caN65itfMMt321lcPOl6nVy3Zc1h1fe_AhSXLKDYOGrpldqE=s48-c-k-c0x00ffffff-no-rj,http://www.youtube.com/@Yeppie_wee.39,UCYsihpCoG04LxavNaF_a8Lw,My other name/ nickname is cookie because of you! I luv your vids:3 <3,2025-06-19T18:26:54Z,2025-06-19T18:26:54Z,0,none,True,False,,UCelMeixAOTs2OQAAi9wU8-g
-hhTQHuowK0,UgxJTdylWQePYK5J-5l4AaABAg,@redxpro1,https://yt3.ggpht.com/ytc/AIdro_niiBFb_pKdaSdwMIIp6Ze1ymVtZB3Q8vtUlQS3yDtCVcU=s48-c-k-c0x00ffffff-no-rj,http://www.youtube.com/@redxpro1,UCXCDneitcDCZEtHgrT3w43w,That‚Äôs so cool ops ment *4*,2025-06-19T18:26:27Z,2025-06-19T18:28:19Z,3,none,True,False,,UCelMeixAOTs2OQAAi9wU8-g
-hhTQHuowK0,Ugx20eBwZUGgFpPvSn54AaABAg,@Uranium_WCUE,https://yt3.ggpht.com/5FfVRkIEGxjK2MFJm3isI4bgTyZe3O4kXb6D_045tEcb12NEfxexB8OYq8tLNuHMVtpRxDiSjfM=s48-c-k-c0x00ffffff-no-rj,http://www.youtube.com/@Uranium_WCUE,UCTf7kJCqpRsABdWRwLq6mVQ,"This brings me back to around 2016. 
Love this!",2025-06-19T18:26:11Z,2025-06-19T18:26:11Z,51,none,True,False,,UCelMeixAOTs2OQAAi9wU8-g
-hhTQHuowK0,UgwdsYAcG4ui_fpo4dN4AaABAg,@frogs-w4c,https://yt3.ggpht.com/0IwbME4D88gw3c-Pp9bi3LJ8j-rLeSMMOirSzoCy39X-9XrQMSuZaaPsSstXc_Qoc0-E3ARjpA=s48-c-k-c0x00ffffff-no-rj,http://www.youtube.com/@frogs-w4c,UCWltHv_T8ccE4sd1uQ24QhA,I loved when you used to build the legos I am also first!!!,2025-06-19T18:24:58Z,2025-06-19T18:24:58Z,0,none,True,False,,UCelMeixAOTs2OQAAi9wU8-g
-hhTQHuowK0,UgwkOYVNitPRxVcoriV4AaABAg,@HHedgehog115,https://yt3.ggpht.com/Pt5bKFRQNNeFab47W2fs6t2MGbvDlvdzb2mZdsKYjkblVK-3jiheVhs_PblQIDWVZ1Ik0E-P-g=s48-c-k-c0x00ffffff-no-rj,http://www.youtube.com/@HHedgehog115,UChAg2SvYsauBUURUSqmFKUg,YAY FIRST,2025-06-19T18:24:40Z,2025-06-19T18:24:40Z,2,none,True,False,,UCelMeixAOTs2OQAAi9wU8-g
1iy3x4wMeOI,Ugxie8KZ1Xtyh-pCWzV4AaABAg,@Cookieswirlc,https://yt3.ggpht.com/RiB3oxxIn6Pf6kqpr12mQzGonzLj6dBE0Tn-cNuqMkMYT7mm4FHI9CsnnnK47hBp2mAGmXM-dw=s48-c-k-c0x00ffffff-no-rj,http://www.youtube.com/@Cookieswirlc,UCelMeixAOTs2OQAAi9wU8-g,ü©∑‚ù§Ô∏èüíôüíöüíõüß°üíú,2025-06-19T04:05:02Z,2025-06-19T04:05:02Z,76,none,True,False,,UCelMeixAOTs2OQAAi9wU8-g
1iy3x4wMeOI,Ugxie8KZ1Xtyh-pCWzV4AaABAg.AJXsferLYUVAJXsr5feuHk,@Girls-Minecraft,https://yt3.ggpht.com/nDNspRCrEHWLYUkfG5S8yueldDw8URRJm9bz7wSAGvxrJcWHAs9DqCNI90arLmtGvlz3rj3fQA=s48-c-k-c0x00ffffff-no-rj,http://www.youtube.com/@Girls-Minecraft,UCNbznpmGfrsCwarUcXx85_A,Oh my god cookie swirlc can u please pin me in your biggest fan ever,2025-06-19T04:06:35Z,2025-06-19T04:06:35Z,4,none,True,True,Ugxie8KZ1Xtyh-pCWzV4AaABAg,UCelMeixAOTs2OQAAi9wU8-g
1iy3x4wMeOI,Ugxie8KZ1Xtyh-pCWzV4AaABAg.AJXsferLYUVAJXtFvJubGZ,@Rainyday13621,https://yt3.ggpht.com/tRVgB1MXxtUdqO4tGThQwiP15_MqIpsTW1HIAU7nZmb7wSK3ZwR1F91haj-wv7jFEyqR1y2l=s48-c-k-c0x00ffffff-no-rj,http://www.youtube.com/@Rainyday13621,UCrGMU4xqRxJpOqqf5mYQzPw,Hello cookieswirlc!!‚ù§‚ù§,2025-06-19T04:10:07Z,2025-06-19T04:10:07Z,3,none,True,True,Ugxie8KZ1Xtyh-pCWzV4AaABAg,UCelMeixAOTs2OQAAi9wU8-g
1iy3x4wMeOI,Ugxie8KZ1Xtyh-pCWzV4AaABAg.AJXsferLYUVAJXtLlQNLd5,@rainbowtoyfunrandomess1982,https://yt3.ggpht.com/r-sLr5F3MvdJDjlYrti7zC6jHN5bDA-7rWhpK9q3GyedJG-0afcyM3MA205RYVoxdUaoudWwEg0=s48-c-k-c0x00ffffff-no-rj,http://www.youtube.com/@rainbowtoyfunrandomess1982,UCrf27UQNysRbJmUfQDwy6jw,üá∫üá∏üá∫üá∏üá∫üá∏üá∫üá∏üá∫üá∏üá∫üá∏üá∫üá∏üåàüåàüåàüåàüåàüåàüåà,2025-06-19T04:10:55Z,2025-06-19T04:10:55Z,4,none,True,True,Ugxie8KZ1Xtyh-pCWzV4AaABAg,UCelMeixAOTs2OQAAi9wU8-g
1iy3x4wMeOI,Ugxie8KZ1Xtyh-pCWzV4AaABAg.AJXsferLYUVAJXtfGRmnFE,@ScarletVigilla-t3d,https://yt3.ggpht.com/gCXRKqa9GSm_hhi1eYAx7xu98knp_ExRUiHRHiujGXXeJK-BWtl1qtUraFf8TidRGkHN0QHehw=s48-c-k-c0x00ffffff-no-rj,http://www.youtube.com/@ScarletVigilla-t3d,UCl8C0r9WE7yyizV1GgQunVA,Hii cookieswirlc!!! :D,2025-06-19T04:13:44Z,2025-06-19T04:14:01Z,5,none,True,True,Ugxie8KZ1Xtyh-pCWzV4AaABAg,UCelMeixAOTs2OQAAi9wU8-g
1iy3x4wMeOI,Ugxie8KZ1Xtyh-pCWzV4AaABAg.AJXsferLYUVAJY1zdLK4Y_,@HarvestGregg,https://yt3.ggpht.com/SppWPosJSbLTtGTYs0w6nnJzLFdwvzWBHnVOEWd7KanRvEgNafSZuMxVJGxCDEVZW6XPTtDwA3w=s48-c-k-c0x00ffffff-no-rj,http://www.youtube.com/@HarvestGregg,UCb-l0DaWExSKWjlFGbeykMw,OMG I love your videos,2025-06-19T05:35:08Z,2025-06-19T05:35:08Z,0,none,True,True,Ugxie8KZ1Xtyh-pCWzV4AaABAg,UCelMeixAOTs2OQAAi9wU8-g
1iy3x4wMeOI,Ugw5AkZS5QW04GG8mdV4AaABAg,@emmiepaterson8915,https://yt3.ggpht.com/Y05n2czkbmG8l2xfSx4Vt0SdhnO5zl0J1bIvV4L-NspENVIMJgv6OwHzv_EAIDqZ9HxXLmzTVg=s48-c-k-c0x00ffffff-no-rj,http://www.youtube.com/@emmiepaterson8915,UCpLWi-mbGiWFa28_MbjflzA,"I still love you , from when I was 5 till when I am 12 ur still great ‚ù§",2025-06-22T13:18:03Z,2025-06-22T13:18:03Z,0,none,True,False,,UCelMeixAOTs2OQAAi9wU8-g
1iy3x4wMeOI,Ugwa0YemykIySCI8_oh4AaABAg,@864doorcutty,https://yt3.ggpht.com/fMhB7e-8OPMQuicY9k0ZZManAE728naYkljrzshlzcmTozBxEaC6z1AdznGRZepx95uJhw1c2w=s48-c-k-c0x00ffffff-no-rj,http://www.youtube.com/@864doorcutty,UC3xKmMNXmg2Zn6W16Y2FJJQ,Cookie can you play the hello kitty prison game please,2025-06-22T02:45:42Z,2025-06-22T02:45:42Z,0,none,True,False,,UCelMeixAOTs2OQAAi9wU8-g
1iy3x4wMeOI,UgyGVOmhovInqLLMEnJ4AaABAg,@RoseSzabo,https://yt3.ggpht.com/a52QI7lJgMLnnpFeyHYiiU6keJs0A_JP_2Fob7TTxRW0RjjRFx2OlwB7f4gaHaeqoa4j9C3pTcI=s48-c-k-c0x00ffffff-no-rj,http://www.youtube.com/@RoseSzabo,UCowY_0muvvCXgEQeFn0JlEw,M6 nostalgia is stored on this Channel!‚ù§,2025-06-22T02:18:39Z,2025-06-22T02:18:39Z,0,none,True,False,,UCelMeixAOTs2OQAAi9wU8-g
1iy3x4wMeOI,UgwbljRhVFRtSgjYRhF4AaABAg,@UnicornPixieT,https://yt3.ggpht.com/rGVBTba-l6HOzcXiZkI3m1Okk-s3qXpha2PQ8ZRQf2-dXqpqmYObDq_pCRVFJNIOB_e6iw0ElGo=s48-c-k-c0x00ffffff-no-rj,http://www.youtube.com/@UnicornPixieT,UC8km-3mCYC99iv_9m3qxu4Q,hi Cookie I love your video's so much! I've been a fan of you since 2020 but Do you think you could play more of the baby in yellow? It's my favourite game. üç™,2025-06-21T17:33:31Z,2025-06-21T17:33:47Z,1,none,True,False,,UCelMeixAOTs2OQAAi9wU8-g
1iy3x4wMeOI,UgwUf_SWODboNTiMj2V4AaABAg,@Cutie-w4u,https://yt3.ggpht.com/_PCMhmThxBfPiD6Z3l9L-dKOjTPXfDthDGfQ4LJHbJEXgml7_5Xa7ZNNBfQO0riqH34F8-IGfeo=s48-c-k-c0x00ffffff-no-rj,http://www.youtube.com/@Cutie-w4u,UCoVbhjiy39w7GtzQ19Q8wqQ,Anyone in 2025,2025-06-21T16:05:39Z,2025-06-21T16:05:39Z,0,none,True,False,,UCelMeixAOTs2OQAAi9wU8-g
1iy3x4wMeOI,UgzLm4SqvAq_3_o04FV4AaABAg,@SophiaTarona,https://yt3.ggpht.com/ytc/AIdro_kN0vHjIDhTA7B0t2l-8jw4du0Fp3Q4NWDxREtZ0wG6prM4O5dykKEJAxt14lhBl9HMMQ=s48-c-k-c0x00ffffff-no-rj,http://www.youtube.com/@SophiaTarona,UCieWRYqIUupPm-IqIqT3yJA,I‚ù§U,2025-06-21T10:40:02Z,2025-06-21T10:40:02Z,0,none,True,False,,UCelMeixAOTs2OQAAi9wU8-g
1iy3x4wMeOI,Ugx8s6TAhe4tnZ4NtCh4AaABAg,@Amber_playz-v2s,https://yt3.ggpht.com/2dwXhvaWsWqGtVIr-u5bxsLwW6cESfMPSVa_CI7foYDy2s5Y5d2ScQdjKehICz9l3oPBE6QDIFA=s48-c-k-c0x00ffffff-no-rj,http://www.youtube.com/@Amber_playz-v2s,UCBIyB3NburovLoAXSyyE84g,Omg it‚Äôs so nostalgic watching these again and her Roblox videos..,2025-06-21T10:28:19Z,2025-06-21T10:28:19Z,1,none,True,False,,UCelMeixAOTs2OQAAi9wU8-g
1iy3x4wMeOI,UgwxQZhGwXivz1DtGAF4AaABAg,@OliviaWillmore,https://yt3.ggpht.com/qwEfVrmzmg3SY8FJK-MgLJflXkDrtMCCiF2hGpxpXyeCYh6Jt7_HSdYTlltxuvAr95MUsZwf=s48-c-k-c0x00ffffff-no-rj,http://www.youtube.com/@OliviaWillmore,UCiSD8SEEGSenyCzu_JUkeGw,Dollar tree is so cheepü•≤üòÜ,2025-06-21T02:45:21Z,2025-06-21T02:45:21Z,0,none,True,False,,UCelMeixAOTs2OQAAi9wU8-g
1iy3x4wMeOI,UgwA4imFsfRqDL3jTeZ4AaABAg,@AmandaGoett,https://yt3.ggpht.com/ytc/AIdro_lImVEFshLCzwKPwsKil_wI44W3fLO5VgHisdM_-Jtm5ZMsPSMXFTRot9-tSU3zW38Ftw=s48-c-k-c0x00ffffff-no-rj,http://www.youtube.com/@AmandaGoett,UCyoi34Zu3RSfZdmWBbZ_GMw,"‚ù§üòäüòÆüç™üç™üç™üç™üç™üç™Love
Ddisjts
Hdjsgeiwriw
Hsjs
Jh
Ietsustsuw",2025-06-21T01:45:47Z,2025-06-21T01:45:47Z,0,none,True,False,,UCelMeixAOTs2OQAAi9wU8-g
1iy3x4wMeOI,UgxxltvX9WbxA1ZCLfp4AaABAg,@whydidistartayoutubechannel,https://yt3.ggpht.com/G-NUiz0ZXO_tHa5lYEvRvFCHp0FgIvuCwqSK-LleEh7PXj0yQ7xatL2agshtQkeWDtgBCAer5Po=s48-c-k-c0x00ffffff-no-rj,http://www.youtube.com/@whydidistartayoutubechannel,UCDMO51SV_TQQcHI-xpoW2rw,OMG COOKIE HAIII,2025-06-20T21:51:46Z,2025-06-20T21:51:46Z,0,none,True,False,,UCelMeixAOTs2OQAAi9wU8-g
1iy3x4wMeOI,UgyyV9N3bPYTpc2XVCN4AaABAg,@tahminabegum9069,https://yt3.ggpht.com/ytc/AIdro_nNfyjSgIBLspwHq96IB_AY_1C_Tn7wsUGjjXN6xUICW-o=s48-c-k-c0x00ffffff-no-rj,http://www.youtube.com/@tahminabegum9069,UCbCpGnFU39Qx7zhG-N0oEdg,Hi cookie ‚ù§,2025-06-20T20:19:12Z,2025-06-20T20:19:12Z,0,none,True,False,,UCelMeixAOTs2OQAAi9wU8-g
1iy3x4wMeOI,UgxMvuy5LyzNn9Rpon94AaABAg,@KeltiHigdon,https://yt3.ggpht.com/ytc/AIdro_mo-ngw2iXTjilc4X3R9TWfKMVubJaaWmP-E9AYx2N-KkwGfZ7Ck2wgooJGVstqf0wbRw=s48-c-k-c0x00ffffff-no-rj,http://www.youtube.com/@KeltiHigdon,UCo21V5lqqPMm645m-DwYNLw,I have the gummy bear pin ‚ù§‚ù§‚ù§,2025-06-20T18:17:47Z,2025-06-20T18:17:47Z,1,none,True,False,,UCelMeixAOTs2OQAAi9wU8-g
1iy3x4wMeOI,Ugw1puYOcgT1ZVofu2x4AaABAg,@HelenCarbonquillo,https://yt3.ggpht.com/nbYHMLvVHDXSp8jEA-EJYCHtT3uoNQvz85I8ElQmgadT_cyEunbF14TeDVE6BjF2_C9FL29sqQ=s48-c-k-c0x00ffffff-no-rj,http://www.youtube.com/@HelenCarbonquillo,UCH6NtEZweieFzLVd9TsOL3A,cookie!you should play with microguardian in dandy's world!btw i love your vids! heres some cookies!üç™üç™üç™üç™üç™üç™‚ù£Ô∏è,2025-06-20T08:33:41Z,2025-06-20T08:33:41Z,1,none,True,False,,UCelMeixAOTs2OQAAi9wU8-g
1iy3x4wMeOI,Ugyr-BKC_rUTbMUojNR4AaABAg,@LorenaRodriguez-ug4yg,https://yt3.ggpht.com/ytc/AIdro_m0TWGDJ1pPXYKd1OWZSHyNjjQEhHTuPiVpVP_rKDXXx93mplIIvtbIMrbtzIhsrc4YVA=s48-c-k-c0x00ffffff-no-rj,http://www.youtube.com/@LorenaRodriguez-ug4yg,UCwrVvYAJPHAKLkqQyzFE9OA,Here‚Äôs all your cookiesüç™üç™üç™üç™üç™üç™üç™üç™üç™üç™üç™üç™üç™üç™üç™üç™üç™üç™üç™üç™üç™üç™üç™üç™üç™ü•†ü•†ü•†ü•†,2025-06-20T01:11:44Z,2025-06-20T01:11:44Z,0,none,True,False,,UCelMeixAOTs2OQAAi9wU8-g
1iy3x4wMeOI,UgxN6EFHQ6xx-Db61Gx4AaABAg,@WhiteLilyCookie-g8k,https://yt3.ggpht.com/drIvPhiLhDK4ya3M2GJnNiCkHAMabfXuIgsK01U8R_MBds5jbpy2G8V6lgVl_HzeRddBbVBxMA=s48-c-k-c0x00ffffff-no-rj,http://www.youtube.com/@WhiteLilyCookie-g8k,UCvYdN89tzH0gTc9cHcBTWOQ,Hi cookie! Pls play Secret of the mimic!!‚ù§,2025-06-19T23:16:20Z,2025-06-19T23:16:20Z,0,none,True,False,,UCelMeixAOTs2OQAAi9wU8-g
1iy3x4wMeOI,Ugwoc4TOF2xTz2tyntZ4AaABAg,@tiffanycotton7206,https://yt3.ggpht.com/ytc/AIdro_lPowhDMAk8-ka2PPIGlPnLHGICoh5_3_qejsVGBZc=s48-c-k-c0x00ffffff-no-rj,http://www.youtube.com/@tiffanycotton7206,UCrq9uqlyJsT6qNgGNOqezbA,‚ù§‚ù§‚ù§‚ù§u are the best YouTuber ever,2025-06-19T23:00:18Z,2025-06-19T23:00:18Z,0,none,True,False,,UCelMeixAOTs2OQAAi9wU8-g
1iy3x4wMeOI,UgynBH9sjVkmb-oDXhx4AaABAg,@jenniann1216,https://yt3.ggpht.com/axbGeT23K6bLdLCijrSYpQ6dQ3c_QmFztqvjvsKXVrI9ZkStUVS2FZrpQ-kpPJZuygmuTJjgoQ=s48-c-k-c0x00ffffff-no-rj,http://www.youtube.com/@jenniann1216,UCDxN6iQBr3RjJILFBh-3GCQ,I lovvvvvvvve gummy bears sooooooo much!!!!!!!!!!!!!!,2025-06-19T19:39:01Z,2025-06-19T19:39:01Z,0,none,True,False,,UCelMeixAOTs2OQAAi9wU8-g
1iy3x4wMeOI,UgwwdI4j0iXqqUwr_9l4AaABAg,@RosieBarckholtz,https://yt3.ggpht.com/ytc/AIdro_l-WPruEngifbfolAJ9ooMYouWRIljSLSUdcbFXhpBKLR2w067aQRcH7LDc0zzrTdX9yg=s48-c-k-c0x00ffffff-no-rj,http://www.youtube.com/@RosieBarckholtz,UCryI_ndNOyvDtYXeBCcETDQ,I love your vids so much. l  been watching your videos for 8 years now üòÅü©∑ü©∑ü©∑ü©∑ü©∑,2025-06-19T19:18:35Z,2025-06-19T19:18:35Z,0,none,True,False,,UCelMeixAOTs2OQAAi9wU8-g
1iy3x4wMeOI,UgzWAl_7CpIhv9KKhw14AaABAg,@Nguy·ªÖnVƒÉnTi·∫øn·∫øn,https://yt3.ggpht.com/j_f9LjlsgI0QueaslA4Gznm-zpZgpHa06NTOAZi1ZouXNVqQDCQ__iWDmcHbEJGx2DnTT7gqDUo=s48-c-k-c0x00ffffff-no-rj,http://www.youtube.com/@Nguy%E1%BB%85nV%C4%83nTi%E1%BA%BFn%E1%BA%BFn,UCtArpWVO6wwtbaQSWvYSyqw,"I love your videos
üíû #",2025-06-19T19:09:41Z,2025-06-19T19:09:41Z,0,none,True,False,,UCelMeixAOTs2OQAAi9wU8-g
1iy3x4wMeOI,UgxRthDkCu9aUQNyHX94AaABAg,@FrankCheeze_Official,https://yt3.ggpht.com/2QEMH1QgU06azPUUahZgcbckWdNzcfYEVOY79M4QxP3KtIsmG2R-M18y9l1NLsR3oq-wJIfr=s48-c-k-c0x00ffffff-no-rj,http://www.youtube.com/@FrankCheeze_Official,UCRIfl-m6yNza5sVN9E9QdqQ,Here early!!!,2025-06-19T17:49:54Z,2025-06-19T17:49:54Z,0,none,True,False,,UCelMeixAOTs2OQAAi9wU8-g
1iy3x4wMeOI,UgwroxKuN3Kd-vnNz6R4AaABAg,@aprilhiggs3956,https://yt3.ggpht.com/Xhn8q9vVqOkO7n1UAYBLbLhrwiNT2A0w0qAjjhn3MAkAL1DwlwezCbiuYbZdAhnv5XinGxS7-A=s48-c-k-c0x00ffffff-no-rj,http://www.youtube.com/@aprilhiggs3956,UCGrt8VZp7GKuQk2qW121myg,I love the ones that look like crystals! üíéüîÆ,2025-06-19T17:35:09Z,2025-06-19T17:35:09Z,2,none,True,False,,UCelMeixAOTs2OQAAi9wU8-g
1iy3x4wMeOI,UgyZLUeAhiVyxmfJyVZ4AaABAg,@ConfettiCorgiVids,https://yt3.ggpht.com/y6dziDad1MMzX5DhjDxLXppfeBYn7v0yqqNDl_NC6kseoorgOpVKq3s8tEUpEnNJ23qVcFt2nas=s48-c-k-c0x00ffffff-no-rj,http://www.youtube.com/@ConfettiCorgiVids,UCPKqoLpB5bs_4edTHEtQVhA,Omg I love you cookie swirl c and have some cookies üç™üç™üç™üç™üç™üç™üç™üç™üç™üç™üç™üç™üç™üç™üç™üç™üç™üç™üç™üç™üç™üç™üç™üç™üç™üç™üç™üç™üç™üç™,2025-06-19T17:02:11Z,2025-06-19T17:02:11Z,0,none,True,False,,UCelMeixAOTs2OQAAi9wU8-g
1iy3x4wMeOI,UgxTEJS0zLoUixgUOdZ4AaABAg,@Sailor_Earth_Salmon,https://yt3.ggpht.com/qaW0ftR1nBCk1dCes1nt2Ep6gE_PMLHbCnvg0PzbXTXlkgEWN7-BqeIT3cyv-6Bj-uVxjb9QqQ=s48-c-k-c0x00ffffff-no-rj,http://www.youtube.com/@Sailor_Earth_Salmon,UCFde-YFa13v9KmVX1wuP0-w,Can u play resident evil 7,2025-06-19T16:56:13Z,2025-06-19T16:56:13Z,0,none,True,False,,UCelMeixAOTs2OQAAi9wU8-g
1iy3x4wMeOI,UgwHft8krxrQl41TCLd4AaABAg,@officializz,https://yt3.ggpht.com/ctZEbFJVFF0pjpTnBaM8_zXig2TrXxFmpGYBnlo_0N2OfqpUtYTB_JdTzDmRCakTSdGqwm01MyI=s48-c-k-c0x00ffffff-no-rj,http://www.youtube.com/@officializz,UC00iN0iKoookh2Rc0l86PyA,Hi cookie ‚ù§‚ù§‚ù§ we still lovee uuu‚ù§‚ù§‚ù§,2025-06-19T16:26:39Z,2025-06-19T16:26:39Z,0,none,True,False,,UCelMeixAOTs2OQAAi9wU8-g
1iy3x4wMeOI,UgylsYtQwdpvXUjzsTR4AaABAg,@GameIpad-f9k,https://yt3.ggpht.com/Amd-8uvDoX8hoEmIxagXIfdpXtPys3jn1-a8YoJ1Q3JhHzDoczP6PURe9ARLAURDLfLJNKM7Ow=s48-c-k-c0x00ffffff-no-rj,http://www.youtube.com/@GameIpad-f9k,UCe9McjqjMTfmBfji6JMWcPQ,Yay im under 2 days,2025-06-19T16:20:32Z,2025-06-19T16:20:32Z,0,none,True,False,,UCelMeixAOTs2OQAAi9wU8-g
1iy3x4wMeOI,UgwnIgmFBl2CabWSTe14AaABAg,@carlosdominguez1106,https://yt3.ggpht.com/ytc/AIdro_nr9xE_2vBhbh6K--Fq-aive21XyEQnu2y02BiS_JoIPeuEzrRmJAz6CHewA8Z5_h4Pew=s48-c-k-c0x00ffffff-no-rj,http://www.youtube.com/@carlosdominguez1106,UCRIpYdlslHy3Bs0LWMvIZJA,Ooh! That's very nice stuff you bought Cookie üòä‚ù§.,2025-06-19T16:11:29Z,2025-06-19T16:11:29Z,0,none,True,False,,UCelMeixAOTs2OQAAi9wU8-g
1iy3x4wMeOI,UgxmH9pGuPs-LXdFQmt4AaABAg,@JanetteJoseMartinez,https://yt3.ggpht.com/QZ9ye-e0Xq2TvTWFsDxeTvfnAm8TBvVIxxE1t4ZrT8AlbQfT1h-cQsEeztHFMedekOuDB9HYNQ=s48-c-k-c0x00ffffff-no-rj,http://www.youtube.com/@JanetteJoseMartinez,UCf-XytKzdPHebyBLGQ5JLmQ,"I really love your Dollar Tree Haul because I love how you showed me new amazing awesome beautiful wonderful things you did and you are the best Cookie I always enjoy and put the like button in your videos and I'm a huge fan of you Cookie you are the best YouTuber ever and the sweetest, kindest, person that I ever watch and you really create new inspiring interesting beautiful videos and keep creating fantastic videos always. Have a sweet day Cookie üç™üç™üç™üç™üç™üç™üç™üç™üç™üç™üç™üç™üç™üç™üç™üç™üç™üç™üç™üç™üç™üç´üç´üç´üç®üç®üç®üç®üç®üç®üç®üç©üç©üç©üç©üç©üç©üç©üç©üç©üç©üç©üç©üßÅüßÅüßÅüßÅüßÅüéÇüéÇüéÇüéÇüç∞üç∞üç∞üç∞üç∞üç∞üç∞üç≠üç≠üç≠üç≠üç≠üç≠üç¶üç¶üç¶üç¶üç¶üç¶üç¶ü¶Ñü¶Ñü¶Ñü¶Ñüçßüçßüçßüçßüçßüçßüçßüçßüçßü•ßü•ßü•ßü•ßü•ßü•ßü•ßü•ßü•ßü•ßü•ßü•ßü•ßü•ßü•ßü•ßü•ßüßÅüßÅüßÅüßÅüßÅüßÅüßÅüßÅüßÅüßÅüßÅüßÅüßÅüßÅüéÇüéÇüéÇüéÇüç©üç©üç©",2025-06-19T16:03:03Z,2025-06-19T16:03:03Z,0,none,True,False,,UCelMeixAOTs2OQAAi9wU8-g
1iy3x4wMeOI,UgyVGkF8LP-N7Ye-WQB4AaABAg,@JasonMaru-g2t,https://yt3.ggpht.com/zrIrQQRoGRSfCIcuybvMkmwyYqg67auF_KueP1j7Lzc4gzQ-OhKfL-LLrAxcXr0kTPSKA8O4mlU=s48-c-k-c0x00ffffff-no-rj,http://www.youtube.com/@JasonMaru-g2t,UCKz3ryLYEPOCBJVDwzWCPlQ,So cute I love all the stuff you got especially the heart gem pens üéâüòä‚ù§!!,2025-06-19T16:02:33Z,2025-06-19T16:02:33Z,0,none,True,False,,UCelMeixAOTs2OQAAi9wU8-g
1iy3x4wMeOI,UgyjZN9Q3pdJkq2rGKR4AaABAg,@Flutter_shy_lover,https://yt3.ggpht.com/a8k4cvKAwtKF7ebMe4T_XrUfkOqw9Fufyhb4IxKz3KVpNgHJ9Y6e6iQDwvoAjkwZljJuI5BeFw=s48-c-k-c0x00ffffff-no-rj,http://www.youtube.com/@Flutter_shy_lover,UC1sVHYk4cEixjB-hXKwaZag,omg pride month at dollar tree?!? awesomeeee,2025-06-19T15:54:01Z,2025-06-19T15:54:01Z,2,none,True,False,,UCelMeixAOTs2OQAAi9wU8-g
1iy3x4wMeOI,UgztvjU4ViSF7Yzljl54AaABAg,@Twenty8Grahams,https://yt3.ggpht.com/D0IkVCR3DIMVPh7cIgvr2MK5o05uYmJA_gTb4okBOodgn9L61HuLBv8I8kaIVoOrD8HekeDrVQ=s48-c-k-c0x00ffffff-no-rj,http://www.youtube.com/@Twenty8Grahams,UCh06eNX2OJEbKkE8_f0GI5A,Yay $ tree Hall I love your videos here is some cookies for you üç™üç™üç™üç™üç™üç™üç™üç™üç™üç™üç™üç™üç™ü´ß,2025-06-19T14:56:32Z,2025-06-19T14:56:32Z,0,none,True,False,,UCelMeixAOTs2OQAAi9wU8-g
1iy3x4wMeOI,UgySZ_QvmyTmJT4G5tF4AaABAg,@SkyandEmmi,https://yt3.ggpht.com/pz6HKW-p3L145kOmBIBHOIDZThZ-eCPNlDXF392xQrmB_jLP9CFA1cMm-AUaFITaSaBCN3xyUQ=s48-c-k-c0x00ffffff-no-rj,http://www.youtube.com/@SkyandEmmi,UC7MEZEkYojPYSQBa0wdoK2w,Yes the rainbow stickers Gods promise!!!!,2025-06-19T14:44:33Z,2025-06-19T14:44:33Z,2,none,True,False,,UCelMeixAOTs2OQAAi9wU8-g
1iy3x4wMeOI,UgySZ_QvmyTmJT4G5tF4AaABAg.AJZ0rdFIFOpAJfgO8ECNXU,@juleslovestheLord,https://yt3.ggpht.com/VZCN8F-6bljPbuNJc5XPClW0a7uINOXzjR6j749IqFF9qt9_sd-ZDyNyhj8hKiYcH3rDcyd1BrA=s48-c-k-c0x00ffffff-no-rj,http://www.youtube.com/@juleslovestheLord,UC_BA5sojyuSrrQ-6cEKGd1w,yess!,2025-06-22T14:10:49Z,2025-06-22T14:10:49Z,0,none,True,True,UgySZ_QvmyTmJT4G5tF4AaABAg,UCelMeixAOTs2OQAAi9wU8-g
1iy3x4wMeOI,Ugx-D2V5xWv08vITkBp4AaABAg,@ThisGirlNamedEmma,https://yt3.ggpht.com/wThIuHwRnCwITUaRtHANKQ9fCjQz33ncYBu12ZeEW9u3cmIGgVf8tofaV2l5-gWc8WfxFs90-g=s48-c-k-c0x00ffffff-no-rj,http://www.youtube.com/@ThisGirlNamedEmma,UCEHE8-kL8ZigCRyr1AsIIUA,"i woke up to this
beautiful memories
so nostalgic üòå",2025-06-19T14:21:23Z,2025-06-19T14:21:23Z,14,none,True,False,,UCelMeixAOTs2OQAAi9wU8-g
1iy3x4wMeOI,Ugz0Qqf91_cyiXWZKOt4AaABAg,@Mycreativeworld2,https://yt3.ggpht.com/1FFeGz3Ti5SG3PKYM0jP0Jb3yQkCZn3e8sLx2xFXXqsREbU1oULZbPXRGWDDEwWGn4ryJcQUQQ=s48-c-k-c0x00ffffff-no-rj,http://www.youtube.com/@Mycreativeworld2,UC-8RSTV08Cx_FxIWHr2yw1g,THE PRIDE STICKERS üòç‚ù§Ô∏è,2025-06-19T14:01:31Z,2025-06-19T14:01:31Z,0,none,True,False,,UCelMeixAOTs2OQAAi9wU8-g
1iy3x4wMeOI,UgyxrGd1TikIKYbGMuZ4AaABAg,@AbG-lr9ij,https://yt3.ggpht.com/0hPDbo7dAfCy0RdVQ0QmFCRSQb1Yy4PWhnvT4tzc2aELnFqq0_kDlu4wi53XCUs9XkW7OICL=s48-c-k-c0x00ffffff-no-rj,http://www.youtube.com/@AbG-lr9ij,UC1jEAgZ4OtrBJZKQRWWgQNQ,Pls pin pls love your vids‚ù§‚ù§,2025-06-19T12:26:50Z,2025-06-19T12:26:50Z,0,none,True,False,,UCelMeixAOTs2OQAAi9wU8-g
1iy3x4wMeOI,UgzvjCMJnueNsHxDe_d4AaABAg,@Danielaamazing,https://yt3.ggpht.com/TEADG70oEsoImDf7GBIEce-nPS30tjPlQqTJXm_N1Gn16epu__gkhljPu5ACNhwpTXD69Q2ybHA=s48-c-k-c0x00ffffff-no-rj,http://www.youtube.com/@Danielaamazing,UCuQghS4FNT2yFOoXYkOQ46A,Yayyy!,2025-06-19T12:20:27Z,2025-06-19T12:20:27Z,3,none,True,False,,UCelMeixAOTs2OQAAi9wU8-g
1iy3x4wMeOI,UgxqPYATZ_j954p7Set4AaABAg,@Savannah_games,https://yt3.ggpht.com/mt26vG2PuJRnlEAPU7uHXNnHozdZgZnDcIOCxj4v9XfPArLRG4BehCQBdbRHS5TatZb4djzn=s48-c-k-c0x00ffffff-no-rj,http://www.youtube.com/@Savannah_games,UCEyL2OXZcmqt7sT9ODfKWUg,I love you soooooo much cookie here are some cookies for youüç™üç™üç™üç™üç™üç™üç™üç™üç™üç™üç™üç™üç™üç™üç™üç™üç™üç™üç™üç™üç™üç™üç™üç™üç™üç™üç™üç™üç™üç™üç™üç™üç™,2025-06-19T11:54:40Z,2025-06-19T11:54:40Z,0,none,True,False,,UCelMeixAOTs2OQAAi9wU8-g
1iy3x4wMeOI,UgxqPYATZ_j954p7Set4AaABAg.AJYiQTOvQmuAJZOfBGPJ-q,@Cookieswirlc,https://yt3.ggpht.com/RiB3oxxIn6Pf6kqpr12mQzGonzLj6dBE0Tn-cNuqMkMYT7mm4FHI9CsnnnK47hBp2mAGmXM-dw=s48-c-k-c0x00ffffff-no-rj,http://www.youtube.com/@Cookieswirlc,UCelMeixAOTs2OQAAi9wU8-g,,2025-06-19T18:12:34Z,2025-06-19T18:12:34Z,0,none,True,True,UgxqPYATZ_j954p7Set4AaABAg,UCelMeixAOTs2OQAAi9wU8-g
1iy3x4wMeOI,Ugw3XWoqMYhVnETkm9p4AaABAg,@PMDCXXVI,https://yt3.ggpht.com/BcvhLEKUPYLwOOP8EYl5Vq34YSt4VXKS2jgQq2muxbgxVMfz_1WJ5omoYbe2cUImC2M-XjsSWA=s48-c-k-c0x00ffffff-no-rj,http://www.youtube.com/@PMDCXXVI,UCNFnooIenQNrwUWpnE87Feg,"Haven‚Äôt heard this channel for years until my brain suddenly says ‚Äúcookie swirl c, hehehe‚Äù",2025-06-19T10:26:36Z,2025-06-19T10:26:36Z,0,none,True,False,,UCelMeixAOTs2OQAAi9wU8-g
1iy3x4wMeOI,UgxdgpK2fSPtp3bo6xF4AaABAg,@Fofinadoubletrouble,https://yt3.ggpht.com/hXE4BrI87B-KRcYIQ2gHsXPpa2-AxI-XwDJhWD28RrZ8cS-tNADRSXXQaf-FuHB574PQkK-X=s48-c-k-c0x00ffffff-no-rj,http://www.youtube.com/@Fofinadoubletrouble,UCvtH94kFJEgiL1BVcF_yxOw,Hey cookie üç™ ‚ù§ I love your videos so much I‚Äôve been watching your vids for around 6 years now !! Love you cookie ü©∑ü©∑,2025-06-19T08:40:48Z,2025-06-19T08:40:48Z,0,none,True,False,,UCelMeixAOTs2OQAAi9wU8-g
1iy3x4wMeOI,UgycPAcwHyqGQLFPpCZ4AaABAg,@aigerimkenzhebaeva5102,https://yt3.ggpht.com/jJIl_lKyui6gq6L2Vb7CRDXTTUIdTRYY5jCoOhyWiPsjuXgWd0c27BPI-qNDfjvBXx3hk6NMjw=s48-c-k-c0x00ffffff-no-rj,http://www.youtube.com/@aigerimkenzhebaeva5102,UCqS0CQlzFGME6OlgGCfIahw,Yay early!,2025-06-19T08:07:07Z,2025-06-19T08:07:07Z,0,none,True,False,,UCelMeixAOTs2OQAAi9wU8-g
1iy3x4wMeOI,Ugy7dN-UV4D_7iAeas94AaABAg,@Kaitlynn-r9x,https://yt3.ggpht.com/ytc/AIdro_l0-93o-N4jweYv7-bzEspdpjpNmkF1pKsdg14yNPPlM54RTS3m4MWNNzI-8fBIvT4zFA=s48-c-k-c0x00ffffff-no-rj,http://www.youtube.com/@Kaitlynn-r9x,UCw_8laifwWq4G0QDfLa_nAg,I love your videos I'm a big fan‚ù§‚ù§‚ù§‚ù§‚ù§‚ù§‚ù§‚ù§‚ù§,2025-06-19T06:54:42Z,2025-06-19T06:54:42Z,0,none,True,False,,UCelMeixAOTs2OQAAi9wU8-g
1iy3x4wMeOI,UgxPjqfwTtQBEOuGu_54AaABAg,@sarah_the_vlogger,https://yt3.ggpht.com/lMnMx8PIX2WSR9Ozb2MwIO-WJudxb3cT-evIyZ2jWCnoSwZeQOAb_pELhe-MRvr5CDYKta3uPwE=s48-c-k-c0x00ffffff-no-rj,http://www.youtube.com/@sarah_the_vlogger,UCKLniJyyN22sjlvc8Sh1tIg,LOVE U COOKIE ‚ù§,2025-06-19T06:30:44Z,2025-06-19T06:30:44Z,2,none,True,False,,UCelMeixAOTs2OQAAi9wU8-g
1iy3x4wMeOI,UgzDY7sk8TjJyW80-gZ4AaABAg,@terrywillcott9335,https://yt3.ggpht.com/ILrgZwDfBmwT5u0YeJRv3aEFyp-B3EhSw6FmGGtEhEAS1puoekbgd1AK6n4GPfUMg5P4ar0H4w=s48-c-k-c0x00ffffff-no-rj,http://www.youtube.com/@terrywillcott9335,UCaAtSIMQPz03B1Yz2PzgiYg,I LOVE THIS SO MUCH I HAVEN‚ÄôT SEEN UR CHANNEL IN FOREVER ‚ù§ I LOVE YOUR VIDEOS ‚ù§‚ù§‚ù§‚ù§,2025-06-19T06:21:09Z,2025-06-19T06:21:09Z,0,none,True,False,,UCelMeixAOTs2OQAAi9wU8-g
1iy3x4wMeOI,UgxYJi93bInxghcj0x94AaABAg,@yurif4n,https://yt3.ggpht.com/tuYbjtzL9Y2d4CbaldcJs5bYFy52uuZLf_KuhVdOXjAlX-Af5sHiYmIVyseV61e_755-VW_TMw=s48-c-k-c0x00ffffff-no-rj,http://www.youtube.com/@yurif4n,UC8vSTV54IwJVbb1onsj2HQA,dollar tree posting is a lost art,2025-06-19T06:11:31Z,2025-06-19T06:11:31Z,2,none,True,False,,UCelMeixAOTs2OQAAi9wU8-g
1iy3x4wMeOI,UgyubwDlZQhZ7ihJLOJ4AaABAg,@yurif4n,https://yt3.ggpht.com/tuYbjtzL9Y2d4CbaldcJs5bYFy52uuZLf_KuhVdOXjAlX-Af5sHiYmIVyseV61e_755-VW_TMw=s48-c-k-c0x00ffffff-no-rj,http://www.youtube.com/@yurif4n,UC8vSTV54IwJVbb1onsj2HQA,cookie swirl c posting dollar tree hauls in 2025 who else criedüò≠üôè,2025-06-19T06:11:21Z,2025-06-19T06:11:21Z,5,none,True,False,,UCelMeixAOTs2OQAAi9wU8-g
1iy3x4wMeOI,UgyH2vV0CtNt9bglSEx4AaABAg,@Angela-r2b6r,https://yt3.ggpht.com/hEyxlSut6_c3XuaVT9giYTn3D5Xe0208puqvdjcTZH3f-Ln8mftY7Fu2jBZcuch1RSYNZ58fag=s48-c-k-c0x00ffffff-no-rj,http://www.youtube.com/@Angela-r2b6r,UCuMZgmGYF3N9513ybiR3quw,Yessss cookie make more haul vids pleaseese,2025-06-19T05:53:30Z,2025-06-19T05:53:30Z,0,none,True,False,,UCelMeixAOTs2OQAAi9wU8-g
1iy3x4wMeOI,UgwKMKcMo1hypfScg4R4AaABAg,@Uni-Girl_Gaming,https://yt3.ggpht.com/t6YJ5saoIAvHx4PmYaQK7UyESkPBbg5Gta6zBMlG7GDLoPlrU_K4ogC5eNyTgIA0sBRnwis7=s48-c-k-c0x00ffffff-no-rj,http://www.youtube.com/@Uni-Girl_Gaming,UCsuYhMgFRqDWIgVKm449-ag,Hiiiiiiiiiiiiiii,2025-06-19T05:50:17Z,2025-06-19T05:50:17Z,0,none,True,False,,UCelMeixAOTs2OQAAi9wU8-g
1iy3x4wMeOI,UgyCw2RRuJC9wi8ds6R4AaABAg,@Alena-w6o,https://yt3.ggpht.com/KiKYRIQ01n3zD5o5wmebGyviXK06maXEvODxR5DV5Mmxn0B4ORyof-owqZ2kLG5HarWqKJzg=s48-c-k-c0x00ffffff-no-rj,http://www.youtube.com/@Alena-w6o,UCvcXs1PPCrdIfU7Xy6aEOWA,I like your videos,2025-06-19T05:49:44Z,2025-06-19T05:49:44Z,0,none,True,False,,UCelMeixAOTs2OQAAi9wU8-g
1iy3x4wMeOI,UgxhLSM5a7MkGRh9Vu14AaABAg,@twintwin2833,https://yt3.ggpht.com/DDAoSCGHvQjy7Z7BtviI_0n9h-uUsrzLUnMQcbWm43NRruSUP1zjzy6kcQwM4oxp-nnlCVd-rg=s48-c-k-c0x00ffffff-no-rj,http://www.youtube.com/@twintwin2833,UCn8DT9x-a9d_w-vxTOjAIqw,"if i'm correct, the gummy bear pencils have buttons on the side right? i think i have 2 gummy bear toppers lol",2025-06-19T05:28:39Z,2025-06-19T05:28:39Z,0,none,True,False,,UCelMeixAOTs2OQAAi9wU8-g
1iy3x4wMeOI,UgyRpPQQFA4UnpjovCR4AaABAg,@R0tten_gutz771,https://yt3.ggpht.com/i2cNbcZv-6Rl_mpWN7p_FjgGPG21RK45jgYQON9ywLWDR1zBUd0UZMla0atqv_EM2lVp14C8iA=s48-c-k-c0x00ffffff-no-rj,http://www.youtube.com/@R0tten_gutz771,UCiWxQ1AAk9dr4WOYjJPYovQ,HAPPY PRIDE MONTH!!!!,2025-06-19T05:23:06Z,2025-06-20T23:50:48Z,16,none,True,False,,UCelMeixAOTs2OQAAi9wU8-g
1iy3x4wMeOI,UgyRpPQQFA4UnpjovCR4AaABAg.AJY0bThpbPoAJapVAsAnMc,@TaraShafer-x6s,https://yt3.ggpht.com/ytc/AIdro_kq6YXb49jimZm2YludLYcB7k8cNgTm_4PC3ukkjBS36lsG88gBf4yVReewSB8_5Sc-1A=s48-c-k-c0x00ffffff-no-rj,http://www.youtube.com/@TaraShafer-x6s,UCy1NwSaH-liJ1ml_7rWYTyw,No,2025-06-20T16:54:12Z,2025-06-20T16:54:12Z,1,none,True,True,UgyRpPQQFA4UnpjovCR4AaABAg,UCelMeixAOTs2OQAAi9wU8-g
1iy3x4wMeOI,UgyRpPQQFA4UnpjovCR4AaABAg.AJY0bThpbPoAJeRl47-CFe,@Novella_Trianna,https://yt3.ggpht.com/R9-5vKrJCeRpKmLMDU8HZWy1Wnc2qJ4J481hjZXdWkbGu-qsgquA27kbQUwyP0X4Wcrn3pqVNA=s48-c-k-c0x00ffffff-no-rj,http://www.youtube.com/@Novella_Trianna,UCZxefJVeeR31hb5J8_I1mRg,@@TaraShafer-x6s why not?,2025-06-22T02:35:01Z,2025-06-22T02:35:01Z,0,none,True,True,UgyRpPQQFA4UnpjovCR4AaABAg,UCelMeixAOTs2OQAAi9wU8-g
1iy3x4wMeOI,UgyRpPQQFA4UnpjovCR4AaABAg.AJY0bThpbPoAJeRrmsegkt,@LiterallyjustBACKPACK,https://yt3.ggpht.com/ytc/AIdro_k_QNIbHileIvKqR4gskCl20HIQ9fbv-3_dFVp-vWmam75VFD69o7xWdiXX4FHY2gUjrQ=s48-c-k-c0x00ffffff-no-rj,http://www.youtube.com/@LiterallyjustBACKPACK,UCPQ5KG-Uyvf7gu-AwEKTLUA,YASSSSS,2025-06-22T02:35:57Z,2025-06-22T02:35:57Z,0,none,True,True,UgyRpPQQFA4UnpjovCR4AaABAg,UCelMeixAOTs2OQAAi9wU8-g
1iy3x4wMeOI,Ugw3Jync12DWFh4OAAR4AaABAg,@mitalimukherjee1136,https://yt3.ggpht.com/ytc/AIdro_m5evfCF_YxC_lDCZai6PdDPi8RLB_PVhrL3a1ARTLFBM2x9-KClsWFWW2FfUzwIrVBkQ=s48-c-k-c0x00ffffff-no-rj,http://www.youtube.com/@mitalimukherjee1136,UC-rIh5ipF8Fid5udDiih_yQ,Hi,2025-06-19T05:15:59Z,2025-06-19T05:15:59Z,2,none,True,False,,UCelMeixAOTs2OQAAi9wU8-g
1iy3x4wMeOI,Ugz1laL8qsUe0woc2Fl4AaABAg,@Ashley_marie1993,https://yt3.ggpht.com/xH3GtjNE_KwugwbEgcT8ZteWWDbMSFD_IVFyBJ8eXvZaeodxTmSyvJ_Vv4FGAkS8P7xmq_tRMg=s48-c-k-c0x00ffffff-no-rj,http://www.youtube.com/@Ashley_marie1993,UCHxrVo58fwPvBFaFYWN2hmw,Yay‚ù§‚ù§‚ù§I‚Äôm chilled hood‚ù§‚ù§,2025-06-19T05:07:55Z,2025-06-19T05:07:55Z,0,none,True,False,,UCelMeixAOTs2OQAAi9wU8-g
1iy3x4wMeOI,Ugxn3i15EbBnueyOQ3Z4AaABAg,@LamaMemz_4,https://yt3.ggpht.com/yUuW5WSN-gD8lqw2PpDt-0qUWbW8mQAOoGPwZa6BWk_XQ4yOVrLSM0nEH62fvVUrBtP6-_L9shM=s48-c-k-c0x00ffffff-no-rj,http://www.youtube.com/@LamaMemz_4,UCSnXexmudvZ9rA5YgY365lg,"Cookie, I love you so much. I‚Äôve been watching you, since I was six.",2025-06-19T05:02:53Z,2025-06-19T05:02:53Z,1,none,True,False,,UCelMeixAOTs2OQAAi9wU8-g
1iy3x4wMeOI,UgxePlC9MxXTRlXS0r14AaABAg,@Lpscupcakecat,https://yt3.ggpht.com/OiJv5yNIJxb6vUzpYGwGtTRGwy7QArhC2beEM_oLoo-xDPeob_rE4usAjLRZJMzHx8eCln_7=s48-c-k-c0x00ffffff-no-rj,http://www.youtube.com/@Lpscupcakecat,UC2AGR0emyMzYb6llXhWelvA,I really like all of those things that you got at Dollar Tree! It‚Äôs nice that you like to use so many different kinds of things to make journals!! :D,2025-06-19T04:56:13Z,2025-06-19T04:56:13Z,0,none,True,False,,UCelMeixAOTs2OQAAi9wU8-g
1iy3x4wMeOI,Ugy6_N8-r9SIYVx1G5V4AaABAg,@PURPL3-W-RIV3R,https://yt3.ggpht.com/nv1q_ae_ci9-XxS6WgeJD__CQI1tUZPikZfMunlUxlHrqXBdt_stBOS05lCWPsSIiYv-9SIXpQ=s48-c-k-c0x00ffffff-no-rj,http://www.youtube.com/@PURPL3-W-RIV3R,UCAfirFF055s-HtitCjsTEpQ,love how you still do these,2025-06-19T04:42:26Z,2025-06-19T04:42:26Z,13,none,True,False,,UCelMeixAOTs2OQAAi9wU8-g
1iy3x4wMeOI,UgxMPchO3e_a2rQu9CZ4AaABAg,@Sillypopstar,https://yt3.ggpht.com/6EryyDCzrHsIoJf5MhAvOABGPpWgFcQOQtKx4StD1sZ8aQGNEuEPb1oyhc78pZsu308CTBYaLg=s48-c-k-c0x00ffffff-no-rj,http://www.youtube.com/@Sillypopstar,UC7pdREBTLOWdAKqq--gwS5Q,That‚Äôs so cute me and my cousin do junk journals and we are gonna do a junk journal trade when we see each other that‚Äôs all just AHH SOO CUTEEE,2025-06-19T04:38:29Z,2025-06-19T04:38:29Z,0,none,True,False,,UCelMeixAOTs2OQAAi9wU8-g
1iy3x4wMeOI,UgyQZBdHQs1bNQKLRgZ4AaABAg,@ALI_SOCCER_MORE,https://yt3.ggpht.com/krUt3DVfk47BAesuO_eWnpfZXwhzGi3DNjLSdN5fg4aeSA-Z16qFL-wNBVWmYN24_K-gezF3F7c=s48-c-k-c0x00ffffff-no-rj,http://www.youtube.com/@ALI_SOCCER_MORE,UCTVFqDgiIOApmacisWntd_Q,I love summer Fokker tree haul,2025-06-19T04:30:02Z,2025-06-19T04:30:02Z,1,none,True,False,,UCelMeixAOTs2OQAAi9wU8-g
1iy3x4wMeOI,UgzRfxSuatbEz9icUcx4AaABAg,@Skincaregurly-t3l,https://yt3.ggpht.com/Tz8pURMdIpPA6xWDWVI8Zo4EKo-DtBnqM95A5a9PBGkAlF__eBsOYjw4Bb2hP5zpKJPpUwBLbw=s48-c-k-c0x00ffffff-no-rj,http://www.youtube.com/@Skincaregurly-t3l,UCfM-F9byup5KjFUBQbt4dYA,"Such a whirl of memories stepping across this video when I was scrolling, so glad it‚Äôs on my FYP",2025-06-19T04:19:37Z,2025-06-19T04:19:37Z,38,none,True,False,,UCelMeixAOTs2OQAAi9wU8-g
1iy3x4wMeOI,Ugz0mhgf77mmgfiDYY14AaABAg,@Candii-lovesbunnies,https://yt3.ggpht.com/PqFU_OrQRna2M-etawY-G9EIBxmKQ-JBr9KuJ8o2gW7locWbmnndNMMjSA7xeEDwyScUU_NO=s48-c-k-c0x00ffffff-no-rj,http://www.youtube.com/@Candii-lovesbunnies,UCtsZD-rgESiLYVwtbbXDe0w,"I bet you would really like to make kandi bracelets they‚Äôre made with pony beads and if you practice enough you can get really good!! You should check it out :3
Love your vids cookie!! üç™",2025-06-19T04:15:41Z,2025-06-19T04:15:41Z,19,none,True,False,,UCelMeixAOTs2OQAAi9wU8-g
1iy3x4wMeOI,UgyiXLCKocV7NzOFaap4AaABAg,@AlaiaBorge,https://yt3.ggpht.com/ytc/AIdro_nmtsXDHjV3vsi3WJxNLeR6_m62bNa4V324lnRtnFy0u-rpS5RDcRIx863T-hajBZ4JOA=s48-c-k-c0x00ffffff-no-rj,http://www.youtube.com/@AlaiaBorge,UCrHmXdbwVvJXewUD5_GqhRw,I love this so much üíñüíñüíñüíñ,2025-06-19T04:13:29Z,2025-06-19T04:13:29Z,4,none,True,False,,UCelMeixAOTs2OQAAi9wU8-g
1iy3x4wMeOI,UgweGIMt4cdcV_OzvU54AaABAg,@princessbellsss,https://yt3.ggpht.com/Mu9JklNt11NSoxpG2iI8RDTG_HLv31sk8tcv0CKHhEWLXjDboQr_fBBI-scxt-3u0m79bUp5Ow=s48-c-k-c0x00ffffff-no-rj,http://www.youtube.com/@princessbellsss,UCuDU-q2oVIEpYzfiDHSZg4Q,love u cookie !! :) so glad to see u still making content. hugs !! ü©∑ü©∑üç™,2025-06-19T04:13:07Z,2025-06-19T04:13:07Z,4,none,True,False,,UCelMeixAOTs2OQAAi9wU8-g
1iy3x4wMeOI,Ugy8M1DQ5ImfLekOkkl4AaABAg,@MayaGhannam-e9v,https://yt3.ggpht.com/dvG4q88HQbHlNc6rofb1eFLPOjl_QQ3hAVdenZF9MU0HS6FX-xLEqILKUl36b4ld48S0L3EHPw=s48-c-k-c0x00ffffff-no-rj,http://www.youtube.com/@MayaGhannam-e9v,UCG1DQYmv8d8ii4ogkWcuUCw,üç™üç™üç™üç™üç™Omg its been so long since ive seen your videos!!i have been watching for 6 years ty!!!‚ù§Ô∏èüç™üç™üç™üç™,2025-06-19T04:11:28Z,2025-06-19T04:11:28Z,0,none,True,False,,UCelMeixAOTs2OQAAi9wU8-g
1iy3x4wMeOI,UgyUtzt9oIRyRXmw05N4AaABAg,@pandaco123,https://yt3.ggpht.com/ymKJFApgslx-UWDi1tKuDD5YBDpn7B1qoN9aaRK6vdCVxNJo7eANXKSv5TVbq2Sdk_kxaYgq99Y=s48-c-k-c0x00ffffff-no-rj,http://www.youtube.com/@pandaco123,UCQJ3bSPkiFTHoCg3ziheMXg,I love it,2025-06-19T04:11:10Z,2025-06-19T04:11:10Z,5,none,True,False,,UCelMeixAOTs2OQAAi9wU8-g
1iy3x4wMeOI,Ugxclia51G4NaGwOopd4AaABAg,@LocoD829,https://yt3.ggpht.com/ytc/AIdro_lVHx9K7a_ypHKI1Cx2ztPXDOmL0XS6hzHe5Yl14Ko=s48-c-k-c0x00ffffff-no-rj,http://www.youtube.com/@LocoD829,UC8sLI9xqsYGpNuEUP3w6pfw,Keep up the good work cookie! Love your videos!,2025-06-19T04:10:54Z,2025-06-19T04:10:54Z,5,none,True,False,,UCelMeixAOTs2OQAAi9wU8-g
1iy3x4wMeOI,UgyiNpsp9kAXxVoEMfp4AaABAg,@rainbowtoyfunrandomess1982,https://yt3.ggpht.com/r-sLr5F3MvdJDjlYrti7zC6jHN5bDA-7rWhpK9q3GyedJG-0afcyM3MA205RYVoxdUaoudWwEg0=s48-c-k-c0x00ffffff-no-rj,http://www.youtube.com/@rainbowtoyfunrandomess1982,UCrf27UQNysRbJmUfQDwy6jw,Ooooh! Those look amazing! You should totally decorate these patriotic items for the Fourth of July! I also love the rainbow items especially the gummi bears!üá∫üá∏üåà,2025-06-19T04:10:43Z,2025-06-19T04:11:43Z,8,none,True,False,,UCelMeixAOTs2OQAAi9wU8-g
1iy3x4wMeOI,UgxXkonV5tJhOAvDTAB4AaABAg,@Dax20690,https://yt3.ggpht.com/gCAPzfSTXpwZfoguxOfv9wKUueSF80pyA0f2IWFUt3qK4kvpsswd6rNilZ5xwetpI7irTE_x=s48-c-k-c0x00ffffff-no-rj,http://www.youtube.com/@Dax20690,UCnnK4v9jDGM3YAxP9ZIbUzw,The sign is so cute I love your videos I‚Äôm a big cookie fan üç™ü©∑,2025-06-19T04:10:00Z,2025-06-19T04:10:00Z,5,none,True,False,,UCelMeixAOTs2OQAAi9wU8-g
1iy3x4wMeOI,UgxUTtr4jBhtOJ202kN4AaABAg,@HuyPham-w7u,https://yt3.ggpht.com/8ltDW7Ap1QfkE2kgQDmegLf6gHH3LnDxSzAtvgwQpBBS1Mnxph5xndCa1lggEPK4tPKbV2OD_g=s48-c-k-c0x00ffffff-no-rj,http://www.youtube.com/@HuyPham-w7u,UCV4NYmIaK6NLmYkhx43pU4g,Vhvh,2025-06-19T04:09:45Z,2025-06-19T04:09:45Z,0,none,True,False,,UCelMeixAOTs2OQAAi9wU8-g
1iy3x4wMeOI,UgzvM3O2smvQILumdMl4AaABAg,@XjustxavaX3,https://yt3.ggpht.com/TwGr3t_sD0PiSLAsst9Jl6T8PN4GOW4iOpPXrFkfW0CcZS-RRkub4b4VENVxmF_4HszyO-gyxg=s48-c-k-c0x00ffffff-no-rj,http://www.youtube.com/@XjustxavaX3,UCTK3Y8yMpeiHUQgpgKYBy0g,Btw cookie I'm a big fan!! üç™üç™üç™üç™‚ù§Ô∏è‚ù§Ô∏è‚ù§Ô∏è,2025-06-19T04:07:08Z,2025-06-19T04:07:08Z,6,none,True,False,,UCelMeixAOTs2OQAAi9wU8-g
1iy3x4wMeOI,UgzwBJvZejDjBwHsHtp4AaABAg,@XjustxavaX3,https://yt3.ggpht.com/TwGr3t_sD0PiSLAsst9Jl6T8PN4GOW4iOpPXrFkfW0CcZS-RRkub4b4VENVxmF_4HszyO-gyxg=s48-c-k-c0x00ffffff-no-rj,http://www.youtube.com/@XjustxavaX3,UCTK3Y8yMpeiHUQgpgKYBy0g,Cute!!!!,2025-06-19T04:06:27Z,2025-06-19T04:06:27Z,3,none,True,False,,UCelMeixAOTs2OQAAi9wU8-g
